internalTaxonId,scientificName,name,language,main
201557,Drosera anglica,Great Sundew,English,true
203002,Drosera intermedia,Orvalhinha,Portuguese,false
203002,Drosera intermedia,Rorela,Portuguese,false
203002,Drosera intermedia,Oblong-leaved Sundew,English,true
203247,Marrubium vulgare,Kransborre,Swedish,false
203247,Marrubium vulgare,Marroio,Portuguese,false
203247,Marrubium vulgare,White Horehound,English,true
155966,Anisus vorticulus,Little Whirlpool Ram's-horn Snail,English,false
155966,Anisus vorticulus,Ram's-horn Snail,English,false
155966,Anisus vorticulus,Planorbe naine,French,false
155966,Anisus vorticulus,Lesser Ramshorn Snail,English,true
156100,Omphiscola glabra,Längliche Sumpfschnecke,German,false
156100,Omphiscola glabra,Slanke Poelslak,Dutch; Flemish,false
156100,Omphiscola glabra,Tårndamsnegl Tårndamsnigel,"Norwegian Nynorsk; Nynorsk, Norwegian",false
156100,Omphiscola glabra,Mud Snail,English,true
156582,Vertigo lilljeborgi,Sumpgrynsnäcka,Swedish,false
156582,Vertigo lilljeborgi,Sumpknøttsnegl,Norwegian,false
156582,Vertigo lilljeborgi,Vertigo des aulnes,French,false
156582,Vertigo lilljeborgi,Lilljeborg's Whorl Snail,English,true
161949,Helosciadium repens,Ache Rampante,French,false
161949,Helosciadium repens,Sedano Strisciante,Italian,false
161949,Helosciadium repens,Creeping Marshwort,English,true
162193,Rumex rupestris,Oseille des Rochers,French,false
162193,Rumex rupestris,Shore Dock,English,true
162310,Najas flexilis,Slender Naiad,English,true
164166,Sparganium natans,Coltellaccio Minore,Italian,false
164166,Sparganium natans,Hérisson d’eau,French,false
164166,Sparganium natans,Rubanier Flottant,French,false
164166,Sparganium natans,Rubanier Nain,French,false
164166,Sparganium natans,Rubanier nain massette,French,false
164166,Sparganium natans,Least Bur-reed,English,true
164327,Baldellia ranunculoides,Crowfoot-Alisma,English,false
164327,Baldellia ranunculoides,Alisma fausse renoncule,French,false
164327,Baldellia ranunculoides,Baldèllia,Spanish; Castilian,false
164327,Baldellia ranunculoides,Llantén de Agua Menor,Spanish; Castilian,false
164327,Baldellia ranunculoides,Lesser Water-plantain,English,true
164369,Baldellia repens,Alisma Rampante,French,false
164369,Baldellia repens,Flûteau Rampant,French,false
164369,Baldellia repens,Creeping Water-plantain,English,true
164465,Damasonium alisma,Damasoni,Spanish; Castilian,false
164465,Damasonium alisma,Damasonie Étoilée,French,false
164465,Damasonium alisma,Étoile d'eau,French,false
164465,Damasonium alisma,Starfruit,English,true
167895,Potamogeton acutifolius,Potamot à feuilles aiguës,French,false
167895,Potamogeton acutifolius,Potamot à feuilles pointues,French,false
167895,Potamogeton acutifolius,Sharp-leaved Pondweed,English,true
167907,Potamogeton rutilus,Potamot roux,French,false
167907,Potamogeton rutilus,Shetland Pondweed,English,true
175270,Eriophorum gracile,Slenderculm Cottonsedge,English,false
175270,Eriophorum gracile,Ja-geun-hwang-sae-pul,Korean,false
175270,Eriophorum gracile,Slender Cottongrass,English,true
175925,Spiranthes romanzoffiana,Spiranthe de Romanzoff,French,false
175925,Spiranthes romanzoffiana,Irish Lady's-tresses,English,true
176030,Anacamptis morio,Fool Orchis,English,false
176030,Anacamptis morio,Green Winged Orchid,English,true
13273,Metatrichoniscoides celticus,Celtic Woodlouse,English,true
198709,Umbrina cirrosa,Bearded Umbrine,English,false
198709,Umbrina cirrosa,Corb,English,false
198709,Umbrina cirrosa,Gurbell,English,false
198709,Umbrina cirrosa,Sea Crow,English,false
198709,Umbrina cirrosa,Almindelig trommefisk,Danish,false
198709,Umbrina cirrosa,Argan,Croatian,false
198709,Umbrina cirrosa,Argo,Croatian,false
198709,Umbrina cirrosa,Baghlah,Arabic,false
198709,Umbrina cirrosa,Bradavièar,Croatian,false
198709,Umbrina cirrosa,Calafate-de-riscas,Portuguese,false
198709,Umbrina cirrosa,Corbel,Italian,false
198709,Umbrina cirrosa,Corbello,Italian,false
198709,Umbrina cirrosa,Corbeto,Italian,false
198709,Umbrina cirrosa,Corbo,Italian,false
198709,Umbrina cirrosa,Corvallo,Spanish; Castilian,false
198709,Umbrina cirrosa,Corve,Italian,false
198709,Umbrina cirrosa,Corvina,Portuguese,false
198709,Umbrina cirrosa,Corvina-marreca,Portuguese,false
198709,Umbrina cirrosa,Corvo,Italian,false
198709,Umbrina cirrosa,Crovello,Italian,false
198709,Umbrina cirrosa,Curveddru,Italian,false
198709,Umbrina cirrosa,Dronj,Croatian,false
198709,Umbrina cirrosa,Drum iberyjski,Polish,false
198709,Umbrina cirrosa,Govno,Croatian,false
198709,Umbrina cirrosa,Grb,Croatian,false
198709,Umbrina cirrosa,Gurbell,Maltese,false
198709,Umbrina cirrosa,Gurbell rar,Maltese,false
198709,Umbrina cirrosa,Gurbell tad-daqna,Maltese,false
198709,Umbrina cirrosa,Gurbell tal-qawwi,Maltese,false
198709,Umbrina cirrosa,Harba,Croatian,false
198709,Umbrina cirrosa,Harbul,Croatian,false
198709,Umbrina cirrosa,Hrb,Croatian,false
198709,Umbrina cirrosa,Kaval,Croatian,false
198709,Umbrina cirrosa,Kavala,Croatian,false
198709,Umbrina cirrosa,Koraf,Croatian,false
198709,Umbrina cirrosa,Korba,Croatian,false
198709,Umbrina cirrosa,Korbel,Croatian,false
198709,Umbrina cirrosa,Korbela,Croatian,false
198709,Umbrina cirrosa,Korbet,Croatian,false
198709,Umbrina cirrosa,Korbeto,Croatian,false
198709,Umbrina cirrosa,Korb i bardhe,Albanian,false
198709,Umbrina cirrosa,Kordel,Croatian,false
198709,Umbrina cirrosa,Korvina,Maltese,false
198709,Umbrina cirrosa,Koštaèa,Croatian,false
198709,Umbrina cirrosa,Kötek baliği,Turkish,false
198709,Umbrina cirrosa,Krap,Croatian,false
198709,Umbrina cirrosa,Kuerve,Italian,false
198709,Umbrina cirrosa,Kurbej,Croatian,false
198709,Umbrina cirrosa,Kurbeja,Croatian,false
198709,Umbrina cirrosa,Kurbel,Croatian,false
198709,Umbrina cirrosa,Kurbelj,Croatian,false
198709,Umbrina cirrosa,Kurbet,Croatian,false
198709,Umbrina cirrosa,Labarda,Portuguese,false
198709,Umbrina cirrosa,Lodo,Croatian,false
198709,Umbrina cirrosa,Lombrina,Italian,false
198709,Umbrina cirrosa,Lubrina,Maltese,false
198709,Umbrina cirrosa,Lumbrela,Croatian,false
198709,Umbrina cirrosa,Lumbrina imperiali,Italian,false
198709,Umbrina cirrosa,Mine baliği,Turkish,false
198709,Umbrina cirrosa,Misqâr,Arabic,false
198709,Umbrina cirrosa,Muzzulu,"Greek, Modern (1453-)",false
198709,Umbrina cirrosa,Ombervis,Italian,false
198709,Umbrina cirrosa,Ombrela,Italian,false
198709,Umbrina cirrosa,Ombrina,Maltese,false
198709,Umbrina cirrosa,Ombrina,Italian,false
198709,Umbrina cirrosa,Ombrine Commune,French,false
198709,Umbrina cirrosa,Ombrine Côtière,French,false
198709,Umbrina cirrosa,Pesciu stella,Croatian,false
198709,Umbrina cirrosa,Sakorafa,Croatian,false
198709,Umbrina cirrosa,Salmonete-vermelho,Croatian,false
198709,Umbrina cirrosa,Sølvtrevalle,Croatian,false
198709,Umbrina cirrosa,Svartfisk,Russian,false
198709,Umbrina cirrosa,Traule,Italian,false
198709,Umbrina cirrosa,Umberfisch,Italian,false
198709,Umbrina cirrosa,Umbraine,Italian,false
198709,Umbrina cirrosa,Umbrale,Croatian,false
198709,Umbrina cirrosa,Umbrela,Italian,false
198709,Umbrina cirrosa,Umbrene,Italian,false
198709,Umbrina cirrosa,Umbrina,Maltese,false
198709,Umbrina cirrosa,Umbrina gialla,Italian,false
198709,Umbrina cirrosa,Verrugato,Spanish; Castilian,false
198709,Umbrina cirrosa,Verrugato Común,Spanish; Castilian,false
198709,Umbrina cirrosa,Verrugato Fusco,Spanish; Castilian,false
198709,Umbrina cirrosa,Viuledda,Portuguese,false
198709,Umbrina cirrosa,Vrakfisk,Croatian,false
198709,Umbrina cirrosa,Shi Drum,English,true
170245,Dentex dentex,Dentex,English,false
170245,Dentex dentex,Porgy,English,false
170245,Dentex dentex,Denté Commun,French,false
170245,Dentex dentex,Denti,French,false
170245,Dentex dentex,Dentón,Spanish; Castilian,false
170245,Dentex dentex,Common Dentex,English,true
170244,Pagellus bogaraveo,Common Sea Bream,English,false
170244,Pagellus bogaraveo,Gunner,English,false
170244,Pagellus bogaraveo,Red Seabream,English,false
170244,Pagellus bogaraveo,Sea-bream,English,false
170244,Pagellus bogaraveo,Besugo,Spanish; Castilian,false
170244,Pagellus bogaraveo,Bogarrabella,Spanish; Castilian,false
170244,Pagellus bogaraveo,Borazo,Spanish; Castilian,false
170244,Pagellus bogaraveo,Dorade Rose,French,false
170244,Pagellus bogaraveo,Goraz,Spanish; Castilian,false
170244,Pagellus bogaraveo,Ollomol,Spanish; Castilian,false
170244,Pagellus bogaraveo,Pageot Rose,French,false
170244,Pagellus bogaraveo,Pancho,Spanish; Castilian,false
170244,Pagellus bogaraveo,Voraz,Spanish; Castilian,false
170244,Pagellus bogaraveo,Vorazo,Spanish; Castilian,false
170244,Pagellus bogaraveo,Blackspot Seabream,English,true
18155990,Anarhichas denticulatus,Blue Sea-cat,English,false
18155990,Anarhichas denticulatus,Blue Sea Cat,English,false
18155990,Anarhichas denticulatus,Jelly-cat,English,false
18155990,Anarhichas denticulatus,Lobo,Spanish; Castilian,false
18155990,Anarhichas denticulatus,Loup à Tête Large,French,false
18155990,Anarhichas denticulatus,Loup Gélatineux,French,false
18155990,Anarhichas denticulatus,Northern Wolffish,English,true
18263655,Anarhichas minor,Spotted Sea-cat,English,false
18263655,Anarhichas minor,Spotted Sea Cat,English,false
18263655,Anarhichas minor,Spotted Sea Catfish,English,false
18263655,Anarhichas minor,Spotted Wolf-fish,English,false
18263655,Anarhichas minor,Blennie-loup Tacheté,French,false
18263655,Anarhichas minor,Loup Tacheté,French,false
18263655,Anarhichas minor,Perro Chico,Spanish; Castilian,false
18263655,Anarhichas minor,Perro Pintado,Spanish; Castilian,false
18263655,Anarhichas minor,Spotted Wolffish,English,true
198578,Beryx decadactylus,Berix,English,false
198578,Beryx decadactylus,Beryx,English,false
198578,Beryx decadactylus,Broad Alfonsin,English,false
198578,Beryx decadactylus,Broad Alfonsino,English,false
198578,Beryx decadactylus,Cuvier's Berycid Fish,English,false
198578,Beryx decadactylus,Imperador,English,false
198578,Beryx decadactylus,Long-finned Beryx,English,false
198578,Beryx decadactylus,Longfinned Beryx,English,false
198578,Beryx decadactylus,Red Bream,English,false
198578,Beryx decadactylus,Alfonsin A Casta Larga,Spanish; Castilian,false
198578,Beryx decadactylus,Alfonsino,Spanish; Castilian,false
198578,Beryx decadactylus,Alfonsiño,Spanish; Castilian,false
198578,Beryx decadactylus,Alfonsino Palometón,Spanish; Castilian,false
198578,Beryx decadactylus,Béryx,French,false
198578,Beryx decadactylus,Béryx Commun,French,false
198578,Beryx decadactylus,Castañeta Roxa,Spanish; Castilian,false
198578,Beryx decadactylus,Dorade Rose,French,false
198578,Beryx decadactylus,Imperador,Spanish; Castilian,false
198578,Beryx decadactylus,Palometa Roja,Spanish; Castilian,false
198578,Beryx decadactylus,Alfonsino,English,true
7859,Mycteroperca marginata,Yellowbelly Grouper,English,false
7859,Mycteroperca marginata,Yellowbelly Rockcod,English,false
7859,Mycteroperca marginata,Méerou Brun,French,false
7859,Mycteroperca marginata,Mero Moreno,Spanish; Castilian,false
7859,Mycteroperca marginata,Dusky Grouper,English,true
198580,Sardina pilchardus,Fair Maid,English,false
198580,Sardina pilchardus,Pilchard,English,false
198580,Sardina pilchardus,Sardine,English,false
198580,Sardina pilchardus,Soused Pilchards,English,false
198580,Sardina pilchardus,True Sardine,English,false
198580,Sardina pilchardus,Majuga,Spanish; Castilian,false
198580,Sardina pilchardus,Parrocha,Spanish; Castilian,false
198580,Sardina pilchardus,Sardina,Spanish; Castilian,false
198580,Sardina pilchardus,Sardiña,Spanish; Castilian,false
198580,Sardina pilchardus,Sardina Europea,Spanish; Castilian,false
198580,Sardina pilchardus,Sardine,French,false
198580,Sardina pilchardus,Sardine Commune,French,false
198580,Sardina pilchardus,Sardine D'Europe,French,false
198580,Sardina pilchardus,Xouba,Spanish; Castilian,false
198580,Sardina pilchardus,European Pilchard,English,true
18237406,Cyclopterus lumpus,Hen-fish,English,false
18237406,Cyclopterus lumpus,Kiark-varrey,English,false
18237406,Cyclopterus lumpus,Lumpsucker,English,false
18237406,Cyclopterus lumpus,Grosse Poule de Mer,French,false
18237406,Cyclopterus lumpus,Liebre de Mar,Spanish; Castilian,false
18237406,Cyclopterus lumpus,Lompe,French,false
18237406,Cyclopterus lumpus,Lump,French,false
18237406,Cyclopterus lumpus,Lumpo,Spanish; Castilian,false
18237406,Cyclopterus lumpus,Lumpfish,English,true
198591,Molva dypterygia,Ling,English,false
198591,Molva dypterygia,Arbitán,Spanish; Castilian,false
198591,Molva dypterygia,Escolá,Spanish; Castilian,false
198591,Molva dypterygia,Lingue Bâtarde,French,false
198591,Molva dypterygia,Lingue Bleue,French,false
198591,Molva dypterygia,Lingue Espagnole,French,false
198591,Molva dypterygia,Maruca Azul,Spanish; Castilian,false
198591,Molva dypterygia,Blue Ling,English,true
15522149,Coryphaenoides rupestris,Black Grenadier,English,false
15522149,Coryphaenoides rupestris,Blunt-nose Rattail,English,false
15522149,Coryphaenoides rupestris,Rock Grenadier,English,false
15522149,Coryphaenoides rupestris,Granadero,Spanish; Castilian,false
15522149,Coryphaenoides rupestris,Granadero de Roca,Spanish; Castilian,false
15522149,Coryphaenoides rupestris,Grenadier de Roche,French,false
15522149,Coryphaenoides rupestris,Roundnose Grenadier,English,true
10097,Hippoglossus hippoglossus,Kveite,Norwegian,false
10097,Hippoglossus hippoglossus,Lúða,Icelandic,false
10097,Hippoglossus hippoglossus,Atlantic Halibut,English,true
18227054,Reinhardtius hippoglossoides,Greenland Turbot,English,false
18227054,Reinhardtius hippoglossoides,Blåkveite,Norwegian,false
18227054,Reinhardtius hippoglossoides,Grálúða,Icelandic,false
18227054,Reinhardtius hippoglossoides,Karasu-garei,Japanese,false
18227054,Reinhardtius hippoglossoides,Синекорый палтус,Russian,false
18227054,Reinhardtius hippoglossoides,чёрный палтус,Russian,false
18227054,Reinhardtius hippoglossoides,Greenland Halibut,English,true
198731,Scophthalmus maximus,Britt,English,false
198731,Scophthalmus maximus,Civili Kalkan,Turkish,false
198731,Scophthalmus maximus,Tarbot,Dutch; Flemish,false
198731,Scophthalmus maximus,Turbot,French,false
198731,Scophthalmus maximus,Turbot,English,true
16425354,Beryx splendens,Alfonsin,English,false
16425354,Beryx splendens,Alfonsino,English,false
16425354,Beryx splendens,Beryx,English,false
16425354,Beryx splendens,Golden Eye Perch,English,false
16425354,Beryx splendens,Lowes Berix,English,false
16425354,Beryx splendens,Lowe's Beryx,English,false
16425354,Beryx splendens,Slender Alfonsino,English,false
16425354,Beryx splendens,Slender Beryx,English,false
16425354,Beryx splendens,Alfonsin a Casta Cumprida,Spanish; Castilian,false
16425354,Beryx splendens,Alfonsino Besugo,Spanish; Castilian,false
16425354,Beryx splendens,Béryx,French,false
16425354,Beryx splendens,Beryx Long,French,false
16425354,Beryx splendens,Béryx Long,French,false
16425354,Beryx splendens,Besugo Americano,Spanish; Castilian,false
16425354,Beryx splendens,Splendid Alfonsino,English,true
43972,Polyprion americanus,Atlantic Wreckfish,English,false
43972,Polyprion americanus,Bass,English,false
43972,Polyprion americanus,Bass Groper,English,false
43972,Polyprion americanus,Cherna,English,false
43972,Polyprion americanus,Sea Bass,English,false
43972,Polyprion americanus,Sea Rock Perch,English,false
43972,Polyprion americanus,Stone Bass,English,false
43972,Polyprion americanus,Wreck Bass,English,false
43972,Polyprion americanus,Wreck-fish,English,false
43972,Polyprion americanus,Bacalao,Spanish; Castilian,false
43972,Polyprion americanus,Cernia,French,false
43972,Polyprion americanus,Cernier,French,false
43972,Polyprion americanus,Cernier Atlantique,French,false
43972,Polyprion americanus,Cernier Commun,French,false
43972,Polyprion americanus,Cernio Escourpena,French,false
43972,Polyprion americanus,Cherna,Spanish; Castilian,false
43972,Polyprion americanus,Cherne,Spanish; Castilian,false
43972,Polyprion americanus,Chernia,Spanish; Castilian,false
43972,Polyprion americanus,Chernoda,Spanish; Castilian,false
43972,Polyprion americanus,Franfré Rascas,French,false
43972,Polyprion americanus,Girom,Spanish; Castilian,false
43972,Polyprion americanus,Jorna,Spanish; Castilian,false
43972,Polyprion americanus,Lucerna,French,false
43972,Polyprion americanus,Mero,Spanish; Castilian,false
43972,Polyprion americanus,Mero Chernia,Spanish; Castilian,false
43972,Polyprion americanus,Mero de Roca,Spanish; Castilian,false
43972,Polyprion americanus,Mérot Gris,French,false
43972,Polyprion americanus,Mérou,French,false
43972,Polyprion americanus,Mérou de Bosques,French,false
43972,Polyprion americanus,Mérou Fanfré,French,false
43972,Polyprion americanus,Pampol,Spanish; Castilian,false
43972,Polyprion americanus,Péro-mérot,French,false
43972,Polyprion americanus,Peskar Goat,French,false
43972,Polyprion americanus,Poisson de Bois,French,false
43972,Polyprion americanus,Wreckfish,English,true
154816,Sebastes mentella,Atlantic Ocean Perch,English,false
154816,Sebastes mentella,Deepwater Redfish,English,false
154816,Sebastes mentella,Deep Water Redfish,English,false
154816,Sebastes mentella,Ocean Perch,English,false
154816,Sebastes mentella,Redfish,English,false
154816,Sebastes mentella,Gallineta Nórdica,Spanish; Castilian,false
154816,Sebastes mentella,Sébaste Atlantique,French,false
154816,Sebastes mentella,Sébaste du Nord,French,false
154816,Sebastes mentella,Beaked Redfish,English,true
155168,Hoplostethus atlanticus,Deep Sea Perch,English,false
155168,Hoplostethus atlanticus,Orange Rough-fish,English,false
155168,Hoplostethus atlanticus,Red Roughy,English,false
155168,Hoplostethus atlanticus,Slimehead,English,false
155168,Hoplostethus atlanticus,Hoplostète Orange,French,false
155168,Hoplostethus atlanticus,Hoplostète Rouge,French,false
155168,Hoplostethus atlanticus,Reloj Anaranjado,Spanish; Castilian,false
155168,Hoplostethus atlanticus,Orange Roughy,English,true
161691,Raja brachyura,Blonde Ray,English,false
161691,Raja brachyura,Blonde Skate,English,true
41801,Echinorhinus brucus,قرش العليق الشائك,Arabic,false
41801,Echinorhinus brucus,Bramble Shark,English,true
161425,Raja undulata,Undulate Ray,English,false
161425,Raja undulata,Raia Curva,Portuguese,false
161425,Raja undulata,Raie Brunette,French,false
161425,Raja undulata,Raya Mosaica,Spanish; Castilian,false
161425,Raja undulata,Razza Ondulata,Italian,false
161425,Raja undulata,Undulate Skate,English,true
91209505,Squalus acanthias,Picked Dogfish,English,false
91209505,Squalus acanthias,Spurdog,English,false
91209505,Squalus acanthias,Aiguillat commun,French,false
91209505,Squalus acanthias,Cazón Espinoso,Spanish; Castilian,false
91209505,Squalus acanthias,Spiny Dogfish,English,true
41798,Deania calceus,Brier Shark,English,false
41798,Deania calceus,Shovelnose Dogfish,English,false
41798,Deania calceus,Birdbeak Dogfish,English,true
63114,Chimaera monstrosa,Rabbitfish,English,true
161388,Etmopterus spinax,Negrito,Spanish; Castilian,false
161388,Etmopterus spinax,Sagre commun,French,false
161388,Etmopterus spinax,Velvet Belly Lanternshark,English,true
11200,Lamna nasus,Marracho,Portuguese,false
11200,Lamna nasus,Marrajo Sardinero,Spanish; Castilian,false
11200,Lamna nasus,Requin-taupe Commun,French,false
11200,Lamna nasus,Tiburón Sardinero,Spanish; Castilian,false
11200,Lamna nasus,Tintorera,Spanish; Castilian,false
11200,Lamna nasus,Атлантическая сельдевая акула,Russian,false
11200,Lamna nasus,Porbeagle,English,true
60213,Somniosus microcephalus,Akula Poliarnaia,Russian,false
60213,Somniosus microcephalus,Eishai,German,false
60213,Somniosus microcephalus,Eqalussuaq,Kalaallisut; Greenlandic,false
60213,Somniosus microcephalus,Haakjaringen,Swedish,false
60213,Somniosus microcephalus,Haaskjardingen,Swedish,false
60213,Somniosus microcephalus,Laimargue Du Groenland,French,false
60213,Somniosus microcephalus,Tiburón Boreal,Spanish; Castilian,false
60213,Somniosus microcephalus,Tollo De Groenlandia,Spanish; Castilian,false
60213,Somniosus microcephalus,Greenland Shark,English,true
161485,Mustelus punctulatus,Emissole Pointillee,French,false
161485,Mustelus punctulatus,Musola Pimienta,Spanish; Castilian,false
161485,Mustelus punctulatus,Paolombo Punteggiato,Italian,false
161485,Mustelus punctulatus,Blackspotted Smoothhound,English,true
63141,Oxynotus centrina,Centrine Commune,French,false
63141,Oxynotus centrina,Cerdo Marino,Spanish; Castilian,false
63141,Oxynotus centrina,Pesce Porco,Italian,false
63141,Oxynotus centrina,Angular Roughshark,English,true
161484,Scyliorhinus stellaris,Alitán,Spanish; Castilian,false
161484,Scyliorhinus stellaris,Grande Roussette,French,false
161484,Scyliorhinus stellaris,Nursehound,English,true
41747,Centroscymnus coelolepis,Portuguese Dogfish,English,true
39381,Prionace glauca,Kalb al bhar,Arabic,false
39381,Prionace glauca,Mouch labhar,Arabic,false
39381,Prionace glauca,Qarsh Mizraqq,Arabic,false
39381,Prionace glauca,Tubarão-azul,Portuguese,false
39381,Prionace glauca,Zérica,Arabic,false
39381,Prionace glauca,القرش الأزرق,Arabic,false
39381,Prionace glauca,Blue Shark,English,true
161453,Dasyatis pastinaca,Pastenague commune,French,false
161453,Dasyatis pastinaca,Raya látigo común,Spanish; Castilian,false
161453,Dasyatis pastinaca,Common Stingray,English,true
39339,Alopias vulpinus,Atlantic Thresher,English,false
39339,Alopias vulpinus,Fox Shark,English,false
39339,Alopias vulpinus,Grayfish,English,false
39339,Alopias vulpinus,Green Thresher,English,false
39339,Alopias vulpinus,Sea Fox,English,false
39339,Alopias vulpinus,Slasher,English,false
39339,Alopias vulpinus,Swingletail,English,false
39339,Alopias vulpinus,Swiveltail,English,false
39339,Alopias vulpinus,Thintail thresher,English,false
39339,Alopias vulpinus,Thrasher,English,false
39339,Alopias vulpinus,Whip-tailed Shark,English,false
39339,Alopias vulpinus,Zorro Thresher Shark,English,false
39339,Alopias vulpinus,흰배환도상어,Korean,false
39339,Alopias vulpinus,Aleposkylos,"Greek, Modern (1453-)",false
39339,Alopias vulpinus,Almindelig Rævehaj,Danish,false
39339,Alopias vulpinus,Azotador,Spanish; Castilian,false
39339,Alopias vulpinus,Budenb,Maltese,false
39339,Alopias vulpinus,Cação-pena,Portuguese,false
39339,Alopias vulpinus,Cação-raposa,Portuguese,false
39339,Alopias vulpinus,Cá Nhàm đuôi dài,Vietnamese,false
39339,Alopias vulpinus,Chichi espada,Spanish; Castilian,false
39339,Alopias vulpinus,Coleto,Spanish; Castilian,false
39339,Alopias vulpinus,Coludo,Spanish; Castilian,false
39339,Alopias vulpinus,Coludo Pinto,Spanish; Castilian,false
39339,Alopias vulpinus,Drescher,German,false
39339,Alopias vulpinus,Drescherhai,German,false
39339,Alopias vulpinus,Faux,French,false
39339,Alopias vulpinus,Fuchshai,German,false
39339,Alopias vulpinus,Fynstert-sambokhaai,Afrikaans,false
39339,Alopias vulpinus,Gewöhnlicher Fuchshai,German,false
39339,Alopias vulpinus,Grillo,Spanish; Castilian,false
39339,Alopias vulpinus,Guadaña,Spanish; Castilian,false
39339,Alopias vulpinus,Guilla,Catalan; Valencian,false
39339,Alopias vulpinus,Harilik Rebashai,Estonian,false
39339,Alopias vulpinus,Jarjur,Arabic,false
39339,Alopias vulpinus,Kalb,Arabic,false
39339,Alopias vulpinus,Karage,Swahili,false
39339,Alopias vulpinus,Kettuhai,Finnish,false
39339,Alopias vulpinus,Kosogon,Polish,false
39339,Alopias vulpinus,K'wet'thenéchte,Salishan languages,false
39339,Alopias vulpinus,Langschweif,German,false
39339,Alopias vulpinus,Lisica,Croatian,false
39339,Alopias vulpinus,Lisica,Serbian,false
39339,Alopias vulpinus,Llwynog Môr,Welsh,false
39339,Alopias vulpinus,Loup de mer,French,false
39339,Alopias vulpinus,Mango-ripi,Maori,false
39339,Alopias vulpinus,Mano 'ula,Hawaiian,false
39339,Alopias vulpinus,Ma'o Aero,Tahitian,false
39339,Alopias vulpinus,Mao-naga,Japanese,false
39339,Alopias vulpinus,Morska Lisica,Croatian,false
39339,Alopias vulpinus,Ndandau,Bantu (Other),false
39339,Alopias vulpinus,Ndrandrau,Bantu (Other),false
39339,Alopias vulpinus,Nigudigumiyaru,Divehi; Dhivehi; Maldivian,false
39339,Alopias vulpinus,Panganile Ndandau,Bantu (Other),false
39339,Alopias vulpinus,Papa Kinengo,Swahili,false
39339,Alopias vulpinus,Papa Kinengwe,Swahili,false
39339,Alopias vulpinus,Pas lisica,Serbian,false
39339,Alopias vulpinus,Pas lisica,Croatian,false
39339,Alopias vulpinus,Pas macun,Croatian,false
39339,Alopias vulpinus,Pas sabljas,Croatian,false
39339,Alopias vulpinus,Pating,Philippine (Other),false
39339,Alopias vulpinus,Pei ratu,Italian,false
39339,Alopias vulpinus,Pèis rato,French,false
39339,Alopias vulpinus,Peixe-rato,Portuguese,false
39339,Alopias vulpinus,Pejerrabo,Spanish; Castilian,false
39339,Alopias vulpinus,Peje sable,Spanish; Castilian,false
39339,Alopias vulpinus,Peje zorra,Spanish; Castilian,false
39339,Alopias vulpinus,Pejezorro,Spanish; Castilian,false
39339,Alopias vulpinus,Peje zorro,Spanish; Castilian,false
39339,Alopias vulpinus,Pesce bandiera,Italian,false
39339,Alopias vulpinus,Pesce pavone,Italian,false
39339,Alopias vulpinus,Pesce spada,Italian,false
39339,Alopias vulpinus,Pesce volpe,Italian,false
39339,Alopias vulpinus,Pesce volpe comune,Italian,false
39339,Alopias vulpinus,Pesciu rattu,Italian,false
39339,Alopias vulpinus,Pesciu volpe,Corsican,false
39339,Alopias vulpinus,Peshkaqeni bishtshpatë,Albanian,false
39339,Alopias vulpinus,Peshkaqeni dhelpër,Albanian,false
39339,Alopias vulpinus,Peshkdhelpën,Albanian,false
39339,Alopias vulpinus,Peshkdhelper,Albanian,false
39339,Alopias vulpinus,Peshku dhelpër,Albanian,false
39339,Alopias vulpinus,Pez espada,Spanish; Castilian,false
39339,Alopias vulpinus,Pez palo,Spanish; Castilian,false
39339,Alopias vulpinus,Pez zorro,Spanish; Castilian,false
39339,Alopias vulpinus,Pichirata,Spanish; Castilian,false
39339,Alopias vulpinus,Pisci bannera,Italian,false
39339,Alopias vulpinus,Pisci cuda longa,Italian,false
39339,Alopias vulpinus,Pisci cudutu,Italian,false
39339,Alopias vulpinus,Pisci sciabula turca,Italian,false
39339,Alopias vulpinus,Pisci surci,Italian,false
39339,Alopias vulpinus,Pixxivolpi,Maltese,false
39339,Alopias vulpinus,Poisson-épée,French,false
39339,Alopias vulpinus,Psina lisica,Serbian,false
39339,Alopias vulpinus,Qatwa al bahar,Arabic,false
39339,Alopias vulpinus,Rabilongo,Portuguese,false
39339,Alopias vulpinus,Rabo de zorra,Spanish; Castilian,false
39339,Alopias vulpinus,Raevehai,Norwegian,false
39339,Alopias vulpinus,Raevehai,Danish,false
39339,Alopias vulpinus,Rævehaj,Danish,false
39339,Alopias vulpinus,Raposa,Spanish; Castilian,false
39339,Alopias vulpinus,Raposa marina,Spanish; Castilian,false
39339,Alopias vulpinus,Raposo,Portuguese,false
39339,Alopias vulpinus,Ratto,Italian,false
39339,Alopias vulpinus,Rävhaj,Swedish,false
39339,Alopias vulpinus,Rechin-vulpe,Romanian,false
39339,Alopias vulpinus,Renard,French,false
39339,Alopias vulpinus,Renard de mer,French,false
39339,Alopias vulpinus,Renard de mers,"Creoles and pidgins, French-based (Other)",false
39339,Alopias vulpinus,Renard marin,French,false
39339,Alopias vulpinus,Requin renard,French,false
39339,Alopias vulpinus,Requin renard commun,French,false
39339,Alopias vulpinus,Revaháur,Faroese,false
39339,Alopias vulpinus,Revahávur,Faroese,false
39339,Alopias vulpinus,Romano,Portuguese,false
39339,Alopias vulpinus,Romão,Portuguese,false
39339,Alopias vulpinus,Sabljorep,Croatian,false
39339,Alopias vulpinus,Santira,Malagasy,false
39339,Alopias vulpinus,Sapan,Turkish,false
39339,Alopias vulpinus,Sapan balığı,Turkish,false
39339,Alopias vulpinus,Sapan köpekbaligi,Turkish,false
39339,Alopias vulpinus,Seefuchs,German,false
39339,Alopias vulpinus,Singe de mer,French,false
39339,Alopias vulpinus,Skylópsaro,"Greek, Modern (1453-)",false
39339,Alopias vulpinus,Sorcio,Italian,false
39339,Alopias vulpinus,Squalo volpe,Italian,false
39339,Alopias vulpinus,Surci 'mperiali,Italian,false
39339,Alopias vulpinus,Tærsker,Danish,false
39339,Alopias vulpinus,Tchissouéndji,Bantu (Other),false
39339,Alopias vulpinus,Te bakoa,Gilbertese,false
39339,Alopias vulpinus,Te kimoa,Gilbertese,false
39339,Alopias vulpinus,Tiburón pez zorro,Spanish; Castilian,false
39339,Alopias vulpinus,Tiburón zorro,Spanish; Castilian,false
39339,Alopias vulpinus,Tiburón zorro común,Spanish; Castilian,false
39339,Alopias vulpinus,Toke kimoa,Tokelau,false
39339,Alopias vulpinus,Topo,Italian,false
39339,Alopias vulpinus,Tubarão-raposa,Portuguese,false
39339,Alopias vulpinus,Tubarão-raposa,Portuguese,false
39339,Alopias vulpinus,Tubarão-zorra,Portuguese,false
39339,Alopias vulpinus,Volpe,Italian,false
39339,Alopias vulpinus,Volpe di mare,Italian,false
39339,Alopias vulpinus,Voshaai,Dutch; Flemish,false
39339,Alopias vulpinus,Watwa albahar,Arabic,false
39339,Alopias vulpinus,Zoro cauda longa,Portuguese,false
39339,Alopias vulpinus,Zorra,Portuguese,false
39339,Alopias vulpinus,Zorra de mar,Spanish; Castilian,false
39339,Alopias vulpinus,Zorro,Spanish; Castilian,false
39339,Alopias vulpinus,Zorro blanco,Spanish; Castilian,false
39339,Alopias vulpinus,Žralok mlatec obecný,Czech,false
39339,Alopias vulpinus,القرش الثّعلب,Arabic,false
39339,Alopias vulpinus,Αλεπούσκυλος,"Greek, Modern (1453-)",false
39339,Alopias vulpinus,Αλεπού της θάλασσας,"Greek, Modern (1453-)",false
39339,Alopias vulpinus,Σκυλόψαρο,"Greek, Modern (1453-)",false
39339,Alopias vulpinus,акула-лисица,Russian,false
39339,Alopias vulpinus,Лисица морская обыкновенная,Russian,false
39339,Alopias vulpinus,弧形長尾鯊,Chinese,false
39339,Alopias vulpinus,弧形长尾鲨,Chinese,false
39339,Alopias vulpinus,狐形长尾鲨,Chinese,false
39339,Alopias vulpinus,狐鮫,Chinese,false
39339,Alopias vulpinus,狐鲛,Chinese,false
39339,Alopias vulpinus,長尾鯊,Chinese,false
39339,Alopias vulpinus,长尾沙,Chinese,false
39339,Alopias vulpinus,长尾鲨,Chinese,false
39339,Alopias vulpinus,Common Thresher,English,true
39352,Galeorhinus galeus,School Shark,English,false
39352,Galeorhinus galeus,Snapper Shark,English,false
39352,Galeorhinus galeus,Soupfin Shark,English,false
39352,Galeorhinus galeus,Cacao,Spanish; Castilian,false
39352,Galeorhinus galeus,Cacao Tope,Portuguese,false
39352,Galeorhinus galeus,Can Negro,Italian,false
39352,Galeorhinus galeus,Requin-hâ,French,false
39352,Galeorhinus galeus,Tope,English,true
39357,Mustelus asterias,Starry Smoothhound,English,true
39400,Raja microocellata,Small-eyed Ray,English,false
39400,Raja microocellata,Raie mêlée,French,false
39400,Raja microocellata,Raya colorada,Spanish; Castilian,false
39400,Raja microocellata,Smalleyed Skate,English,true
6229,Dalatias licha,Black Shark,English,false
6229,Dalatias licha,Seal Shark,English,false
6229,Dalatias licha,Carocho,Spanish; Castilian,false
6229,Dalatias licha,Kitefin Shark,English,true
4292,Cetorhinus maximus,Pelerin,French,false
4292,Cetorhinus maximus,Peregrino,Spanish; Castilian,false
4292,Cetorhinus maximus,Basking Shark,English,true
61408,Rostroraja alba,Bottlenose Skate,English,false
61408,Rostroraja alba,Spearnose Skate,English,false
61408,Rostroraja alba,Raie Blanche,French,false
61408,Rostroraja alba,Raya Bramante,Spanish; Castilian,false
61408,Rostroraja alba,Razza Bianca,Italian,false
61408,Rostroraja alba,White Skate,English,true
41871,Centrophorus squamosus,Hiu Botol,Indonesian,false
41871,Centrophorus squamosus,Quelvacho Negro,Spanish; Castilian,false
41871,Centrophorus squamosus,Squale-chagrin De L'Atlantique,French,false
41871,Centrophorus squamosus,Leafscale Gulper Shark,English,true
161569,Myliobatis aquila,Aguila marina,Spanish; Castilian,false
161569,Myliobatis aquila,Aigle commun,French,false
161569,Myliobatis aquila,Common Eagle Ray,English,true
161913,Pulsatilla vulgaris,Pasque Flower,English,true
58521336,Tulostoma niveum,White Stalkball,English,false
58521336,Tulostoma niveum,Hvit Styltesopp,Norwegian,false
58521336,Tulostoma niveum,Sammaljalkakuukunen,Finnish,false
58521336,Tulostoma niveum,Tulostome Blanc de Neige,French,false
58521336,Tulostoma niveum,Vit Stjälkröksvamp,Swedish,false
58521336,Tulostoma niveum,Weisser Stielbovist,German,false
58521336,Tulostoma niveum,White Stalk Puffball,English,true
70560176,Nothophantes horridus,Horrid Ground-weaver,English,true
68460220,Pseudomogoplistes vicentae,Atlantic Beach-cricket,English,true
79740183,Sorbus admonitor,No Parking Tree,English,true
79748410,Sorbus cambrensis,Welsh Whitebeam,English,true
79748432,Sorbus cheddarensis,Cheddar Whitebeam,English,true
79748466,Sorbus cuneifolia,Llangollen Whitebeam,English,true
79748504,Sorbus devoniensis,Devon Whitebeam,English,true
79748575,Sorbus eminentoides,Twin Cliffs Whitebeam,English,true
79749246,Sorbus leighensis,Leigh Wood's Whitebeam,English,true
79749266,Sorbus margaretae,Margaret's Whitebeam,English,true
79749277,Sorbus minima,Least Whitebeam,English,true
79749327,Sorbus parviloba,Ship Rock Whitebeam,English,true
79749347,Sorbus porrigentiformis,Grey-leaved Whitebeam,English,true
79749367,Sorbus pseudomeinichii,Catacol Whitebeam,English,true
79749438,Sorbus rupicoloides,Gough's Rock Whitebeam,English,true
79749856,Sorbus stenophylla,Llanthony Whitebeam,English,true
79749967,Sorbus stirtoniana,Stirton's Whitebeam,English,true
79750042,Sorbus whiteana,White's Whitebeam,English,true
61966807,Ulmus glabra,Βουνοφτελιά,"Greek, Modern (1453-)",false
61966807,Ulmus glabra,Wych Elm,English,true
34728,Sorbus eminens,Cerddinen Mynwy,Welsh,false
34728,Sorbus eminens,Round-leaved Whitebeam,English,true
34739,Sorbus leptophylla,Thin-Leaved Whitebeam,English,true
34723,Sorbus leyana,Ley's Whitebeam,English,false
34723,Sorbus leyana,Cerddinen Darren Fach,Welsh,false
34723,Sorbus leyana,Ley's Whitebeam,English,true
34722,Sorbus subcuneata,Somerset Whitebeam,English,true
34725,Sorbus vexans,Bloody Whitebeam,English,true
34732,Sorbus wilmottiana,Wilmott's Whitebeam,English,true
34735,Sorbus arranensis,Arran Whitebeam,English,true
34741,Sorbus bristoliensis,Bristol Whitebeam,English,true
34720,Sorbus pseudofennica,Arran Cut-leaved Whitebeam,English,false
34720,Sorbus pseudofennica,Arran Service-tree,English,true
83571713,Lycopodium issleri,Issler's Clubmoss,English,false
83571713,Lycopodium issleri,Issler-Flachbärlapp,German,false
83571713,Lycopodium issleri,Lycopode d’Issler,French,false
83571713,Lycopodium issleri,Hybrid Alpine Clubmoss,English,true
78591552,Adelanthus lindenbergianus,Lindenberg's Featherwort,English,true
86091653,Sorbus greenii,Green's Whitebeam,English,true
86095479,Sorbus herefordensis,Herefordshire Whitebeam,English,true
86105340,Sorbus richii,Rich's Whitebeam,English,true
87543416,Lejeunea mandonii,Atlantic Pouncewort,English,true
87544340,Radula carringtonii,Carrington's Scalewort,English,true
87544353,Radula holtii,Holt's Scalewort,English,true
84329423,Bruchia vogesiaca,Bruchia Moss,English,true
87492490,Cephaloziella calyculata,Entire Threadwort,English,true
87492600,Cephaloziella dentata,Toothed Threadwort,English,true
86484850,Dendrocryphaea lamyana,Multi-fruited Cryphaea,English,true
87540862,Codonoblepharon forsteri,Forster's Yoke-moss,English,false
87540862,Codonoblepharon forsteri,Knothole Moss,English,true
87486156,Biantheridion undulifolium,Marsh Flapwort,English,true
83659796,Andreaea frigida,Icy Rock-moss,English,true
83658361,Anthoceros agrestis,Field Hornwort,English,true
85845927,Schistidium flaccidum,Chubby Grimmia,English,true
87539052,Phaeoceros carolinianus,Carolina Hornwort,English,true
87540926,Zygodon gracilis,Slender Yoke-moss,English,true
87541043,Pallavicinia lyellii,Veilwort,English,true
87543575,Porella arboris-vitae,Bitter Scalewort,English,true
84534637,Acaulon muticum,Rounded Pygmy-moss,English,true
87564146,Tortula leucostoma,Alpine Pottia,English,true
87530955,Trichocolea tomentella,Handsome Woollywort,English,true
87495500,Geocalyx graveolens,Turps Pouchwort,English,true
87496758,Marsupella condensata,Compact Rustwort,English,true
87466181,Myrinia pulvinata,Svämmossa,Swedish,false
87466181,Myrinia pulvinata,Flood-moss,English,true
87524924,Scapania lingulata,Tongue Earwort,English,true
87569778,Splachnum ampullaceum,Cruet Collar-moss,English,true
87560757,Gyroweisia reflexa,Reflexed Beardless-moss,English,true
83659958,Philonotis calcarea,Kalk-Quellmoos,German,false
83659958,Philonotis calcarea,Thick-nerved Apple-moss,English,true
83660106,Philonotis rigida,Rigid Apple-Moss,English,true
78662089,Mesoptychia gillmanii,Gillman's Notchwort,English,true
78662144,Mesoptychia rutheana,Fen Notchwort,English,true
87541903,Polytrichastrum sexangulare,Northern Haircap,English,true
78591292,Acrobolbus wilsonii,Wilson's Pouchwort,English,true
84375825,Campyliadelphus elodes,Fine-leaved Marsh Feather-moss,English,true
84376261,Conardia compacta,Compact Feather-moss,English,true
86186454,Drepanocladus sendtneri,Sendtners Sichelmoos,German,false
86186454,Drepanocladus sendtneri,Chalk Hook-moss,English,true
83659772,Andreaea sinuosa,Sinuose Rock-moss,English,true
83659989,Philonotis cernua,Swan-necked Apple-moss,English,true
83660098,Philonotis marchica,Märkisches Quellmoos,German,false
83660098,Philonotis marchica,Southern Apple-moss,English,true
83662242,Bryum calophyllum,Schönblättriges Birnmoos,German,false
83662242,Bryum calophyllum,Matted Bryum,English,true
83662266,Bryum dixonii,Dixon's Bryum,English,true
83662270,Bryum dyffrynense,Dyffryn Bryum,English,true
83662419,Bryum knowltonii,Knowltons Birnmoos,German,false
83662419,Bryum knowltonii,Knowlton's Bryum,English,true
83662499,Bryum marratii,Marrats Birnmoos,German,false
83662499,Bryum marratii,Baltic Bryum,English,true
83662891,Bryum riparium,River Bryum,English,true
83663258,Bryum turbinatum,Kreiselfrüchtiges Birnmoos,German,false
83663258,Bryum turbinatum,Pear-fruited Bryum,English,true
83663482,Bryum warneum,Mamillen Birnmoos,German,false
83663482,Bryum warneum,Warne's Thread-moss,English,true
84254812,Ptychostomum cernuum,Sumpf-Birnmoos,German,false
84254812,Ptychostomum cernuum,Cernuous Bryum,English,true
84254944,Ptychostomum demissum,Alpine Hump-moss,English,true
86484012,Hamatocaulis vernicosus,Shining Sickle-moss,English,false
86484012,Hamatocaulis vernicosus,Varnished Hook-moss,English,false
86484012,Hamatocaulis vernicosus,Firnisglänzendes Krückstockmoos,German,false
86484012,Hamatocaulis vernicosus,Firnisglänzendes Sichelmoos,German,false
86484012,Hamatocaulis vernicosus,Käppkrokmossa,Swedish,false
86484012,Hamatocaulis vernicosus,Slender Green Feather-moss,English,true
87574513,Cephaloziella nicholsonii,Greater Copperwort,English,true
84342750,Ceratodon conicus,Kalkbrännmossa,Swedish,false
84342750,Ceratodon conicus,Scarce Redshank,English,true
39163,Ditrichum cornubicum,Cornish Path-moss,English,true
84765678,Ditrichum plumbicola,Blei-Doppelhaarmoos,German,false
84765678,Ditrichum plumbicola,Lead-moss,English,true
87580415,Ephemerum cohaerens,Rasiges Tagmoos,German,false
87580415,Ephemerum cohaerens,Clustered Earth-moss,English,true
87580464,Ephemerum crassinervium,Sessile Earth-moss,English,false
87580464,Ephemerum crassinervium,Ruthes Tagmoos,German,false
87580464,Ephemerum crassinervium,Sitzendes Tagmoos,German,false
87580464,Ephemerum crassinervium,Thick-nerved Earth-moss,English,true
87580552,Ephemerum recurvifolium,Krummblättriges Tagmoos,German,false
87580552,Ephemerum recurvifolium,Strap-leaved Earth-moss,English,true
87575330,Micromitrium tenerum,Zartes Kleinmützenmoos,German,false
87575330,Micromitrium tenerum,Millimetre Moss,English,true
84768359,Fissidens rivularis,Bach-Spaltzahnmoos,German,false
84768359,Fissidens rivularis,River Pocket-moss,English,true
85841525,Entosthodon muhlenbergii,Mühlenbergs Hinterzahnmoos,German,false
85841525,Entosthodon muhlenbergii,Mühlenberg's Cord-moss,English,true
85841752,Physcomitrium eurystomum,Weitmündiges Blasenmützenmoos,German,false
85841752,Physcomitrium eurystomum,Norfolk Bladder-moss,English,true
86186380,Physcomitrium sphaericum,Kugelförmiges Blasenmützenmoos,German,false
86186380,Physcomitrium sphaericum,Dwarf Bladder-moss,English,true
85842468,Grimmia crinita,Haar-Kissenmoos,German,false
85842468,Grimmia crinita,Hedgehog Grimmia,English,true
85844243,Racomitrium himalayanum,Himalayan Fringe-moss,English,true
87497016,Marsupella stableri,Stabler's Rustwort,English,true
86500402,Helodium blandowii,Blandows Sumpfthujamoos,German,false
86500402,Helodium blandowii,Kärrkammossa,Swedish,false
86500402,Helodium blandowii,Blandow's Tamarisk-moss,English,true
39196,Herbertus borealis,Northern Prongwort,English,true
87497585,Herbertus hutchinsiae,Juniper Prongwort,English,true
87461133,Hageniella micans,Gesägtes Neuhohlblattmoos,German,false
87461133,Hageniella micans,Sparkling Signal-moss,English,true
87462973,Hypnum imponens,Praktfläta,Swedish,false
87462973,Hypnum imponens,Pellucid Plait-moss,English,true
78662054,Mesoptychia fitzgeraldiae,Fitzgerald's Notchwort,English,true
87578544,Protolophozia herzogiana,Herzogs Spitzmoos,German,false
87578544,Protolophozia herzogiana,Herzog's Notchwort,English,true
87498039,Bazzania pearsonii,Arch-leaved Whipwort,English,true
84829830,Campylopus subporodictyon,Rusty Bow-moss,English,true
87521669,Mastigophora woodsii,Woods' Whipwort,English,true
84315851,Mielichhoferia elongata,Nickkismossa,Swedish,false
84315851,Mielichhoferia elongata,Elongate Copper-moss,English,true
84316108,Mielichhoferia mielichhoferiana,Echtes Mielichhofermoos,German,false
84316108,Mielichhoferia mielichhoferiana,Kopparkismossa,Swedish,false
84316108,Mielichhoferia mielichhoferiana,Alpine Copper-moss,English,true
39191,Thamnobryum angustifolium,Derbyshire Feather-moss,English,true
87467834,Thamnobryum cataractarum,Yorkshire Feather-moss,English,true
87567059,Orthodontium gracile,Slender Thread-moss,English,true
87521855,Plagiochila carringtonii,Carrington's Featherwort,English,true
84712837,Atrichum angustatum,Steifblättriges Katharinenmoos,German,false
84712837,Atrichum angustatum,Lesser Smoothcap,English,true
85839319,Bryoerythrophyllum caledonicum,Scottish Beard Moss,English,true
87560412,Didymodon glaucus,Blaugrünes Doppelzahnmoos,German,false
87560412,Didymodon glaucus,Glaucous Beard-moss,English,true
87561639,Leptodontium flexifolium,Gekräuseltes Dünnzahnmoos,German,false
87561639,Leptodontium flexifolium,Bent-leaved Beard-moss,English,true
87561650,Leptodontium gemmascens,Thatch-moss,English,false
87561650,Leptodontium gemmascens,Brut-Dünnzahnmoos,German,false
87561650,Leptodontium gemmascens,Thatch Moss,English,true
87562368,Pottiopsis caespitosa,Rasiges Neupottmoos,German,false
87562368,Pottiopsis caespitosa,Round-fruited Pottia,English,true
87562698,Scopelophila cataractae,Kleines Kupfermoos,German,false
87562698,Scopelophila cataractae,Tongue-leaf Copper-moss,English,true
87566901,Weissia sterilis,Sterile Beardless-moss,English,true
84374494,Campylostelium saxicola,Fels-Schwanenhalsmoos,German,false
84374494,Campylostelium saxicola,Bent-moss,English,true
87544389,Radula voluta,Pale Scalewort,English,true
87470370,Anastrophyllum alpinum,Alpine Notchwort,English,true
87470516,Anastrophyllum joergensenii,Joergensen's Notchwort,English,true
87525045,Scapania nimbosa,Cloud Earwort,English,true
87525332,Scapania ornithopodioides,Bird's-foot Earwort,English,true
86200201,Platyhypnum molle,Soft Brook-moss,English,true
86200234,Hygrohypnum styriacum,Snow Brook-moss,English,true
83659784,Andreaea blyttii,Blytt's Rock-moss,English,true
83659401,Andreaea nivalis,Snow Rock-moss,English,true
87538842,Aneura mirabilis,Ghostwort,English,true
86483667,Tomentypnum nitens,Woolly Feather-moss,English,true
83662922,Bryum salinum,Saltmarsh Thread-moss,English,true
87492340,Odontoschisma francisci,Holt Notchwort,English,true
87492675,Cephaloziella elachista,Spurred Threadwort,English,true
87492810,Cephaloziella integerrima,Lobed Threadwort,English,true
87492834,Cephaloziella massalongi,Lesser Copperwort,English,true
87492891,Cephaloziella spinigera,Spiny Threadwort,English,true
87496729,Marsupella arctica,Arctic Rustwort,English,true
87496859,Marsupella sparsifolia,Rounded Rustwort,English,true
78604176,Eremonotus myriocarpus,Clubwort,English,true
84534918,Pohlia crudoides,Lapland Thread-moss,English,true
87540974,Moerckia blyttii,Alpine Ruffwort,English,true
87541025,Moerckia hibernica,Irish Ruffwort,English,true
87539070,Oedipodium griffithianum,Gouty-moss,English,true
87562757,Stegonia latifolia,Hood-leaved Screw-moss,English,true
87564101,Tortula cernua,Flamingo-moss,English,true
87566853,Weissia rostellata,Beaked Beardless-moss,English,true
87566879,Weissia squarrosa,Spreading-leaved Beardless-moss,English,true
84829847,Cynodontium fallax,False Dog-tooth,English,true
87470477,Anastrophyllum donnianum,Donn's Notchwort,English,true
87576092,Scorpidium scorpioides,Hooked Scorpion-moss,English,true
85849925,Blindiadelphus campylopodus,Bentfoot Rock-bristle,English,true
85850045,Seligeria carniolica,Water Rock-bristle,English,true
85850106,Blindiadelphus diversifolius,Long Rock-bristle,English,true
85850373,Seligeria oelandica,Irish Rock-bristle,English,true
87570876,Tayloria tenuis,Slender Gland-moss,English,true
88278428,Drepanocladus lycopodioides,Bärlappähnliches Pseudoschönmoos,German,false
88278428,Drepanocladus lycopodioides,Large Hook-moss,English,true
88281064,Chionoloma recurvifolium,Drooping-leaved Beard-moss,English,true
88282783,Scapania degenii,Degen's Earwort,English,true
88288896,Sphagnum austinii,Austin's Bog-moss,English,true
88289145,Scapania parvifolia,Obscure Earwort,English,true
97007437,Sorbus avonensis,Avon Gorge Whitebeam,English,true
97154635,Sorbus arvonicola,Cerddin Menai,Welsh,false
97154635,Sorbus arvonicola,Menai Strait Whitebeam,English,true
97209900,Sorbus saxicola,Symonds Yat Whitebeam,English,true
21860,Thunnus thynnus,Atún Aleta Azul,Spanish; Castilian,false
21860,Thunnus thynnus,Kuromaguro,Japanese,false
21860,Thunnus thynnus,Thon Rouge de l'Atlantique,French,false
21860,Thunnus thynnus,Atlantic Bluefin Tuna,English,true
102827479,Cotoneaster cambricus,Rock Apple,English,false
102827479,Cotoneaster cambricus,Creigafal y Gogarth,Welsh,false
102827479,Cotoneaster cambricus,Great Orme Berry,English,true
39399,Raja clavata,Nagelrochen,German,false
39399,Raja clavata,Piggrokke,Norwegian,false
39399,Raja clavata,Raia lenga,Portuguese,false
39399,Raja clavata,Raie bouclée,French,false
39399,Raja clavata,Raja petrusa,Italian,false
39399,Raja clavata,Raya común,Spanish; Castilian,false
39399,Raja clavata,Stekelrog,Dutch; Flemish,false
39399,Raja clavata,Thornback Skate,English,true
39332,Squatina squatina,Angel Shark,English,false
39332,Squatina squatina,Fiddle fish,English,false
39332,Squatina squatina,Monkfish,English,false
39332,Squatina squatina,Agnulu,Corsican,false
39332,Squatina squatina,Aingueru-guardakoa,Basque,false
39332,Squatina squatina,Ange,French,false
39332,Squatina squatina,Ange De Mer,French,false
39332,Squatina squatina,Ange de Mer Commun,French,false
39332,Squatina squatina,Angel,French,false
39332,Squatina squatina,Angel,Catalan; Valencian,false
39332,Squatina squatina,Angela,Italian,false
39332,Squatina squatina,Angelo,Italian,false
39332,Squatina squatina,Angelote,Spanish; Castilian,false
39332,Squatina squatina,Angelu,Italian,false
39332,Squatina squatina,Anjo,Portuguese,false
39332,Squatina squatina,Antjou,French,false
39332,Squatina squatina,Bourgeois,French,false
39332,Squatina squatina,Bourget,French,false
39332,Squatina squatina,Engelhai,German,false
39332,Squatina squatina,Escat,Catalan; Valencian,false
39332,Squatina squatina,Keler,Turkish,false
39332,Squatina squatina,Keler Balığının,Turkish,false
39332,Squatina squatina,L'anelot,French,false
39332,Squatina squatina,L'ange,French,false
39332,Squatina squatina,Maegli,Welsh,false
39332,Squatina squatina,Martrame,French,false
39332,Squatina squatina,Meerengel,German,false
39332,Squatina squatina,Mermejuela,Spanish; Castilian,false
39332,Squatina squatina,Mordacle,French,false
39332,Squatina squatina,Pardon,Spanish; Castilian,false
39332,Squatina squatina,Peixe Anjo,Portuguese,false
39332,Squatina squatina,Pesce Angelo,Italian,false
39332,Squatina squatina,Pescio Angeo,Italian,false
39332,Squatina squatina,Pesciu Anghjulu,Corsican,false
39332,Squatina squatina,Pez Angel,Spanish; Castilian,false
39332,Squatina squatina,Razzu,Corsican,false
39332,Squatina squatina,Rina,Italian,false
39332,Squatina squatina,Sgheru,Corsican,false
39332,Squatina squatina,Sguaru,Corsican,false
39332,Squatina squatina,Sklat,Croatian,false
39332,Squatina squatina,Sokot,Croatian,false
39332,Squatina squatina,Squadro,Italian,false
39332,Squatina squatina,Squadro Bianco,Italian,false
39332,Squatina squatina,Squadrolino,Italian,false
39332,Squatina squatina,Squadro Pelle Nera,Italian,false
39332,Squatina squatina,Squadro Pelle Rossa,Italian,false
39332,Squatina squatina,Squadru,Italian,false
39332,Squatina squatina,Squaéna,Italian,false
39332,Squatina squatina,Squaléna,Italian,false
39332,Squatina squatina,Squatine Occelee,French,false
39332,Squatina squatina,Squatronu,Corsican,false
39332,Squatina squatina,Squatru,Italian,false
39332,Squatina squatina,Squatru Cefalu,Italian,false
39332,Squatina squatina,Terrezzino,Italian,false
39332,Squatina squatina,Viola,Portuguese,false
39332,Squatina squatina,Violin,Italian,false
39332,Squatina squatina,Αγγελοκαρχαρίας-Ρίνα,"Greek, Modern (1453-)",false
39332,Squatina squatina,Angelshark,English,true
86091382,Sorbus evansii,Evans's Whitebeam,English,true
202914,Aesculus hippocastanum,Castanheiro da Índia,Portuguese,false
202914,Aesculus hippocastanum,Horse Chestnut,English,true
123669218,Nothogeophilus turki,Turk's Earth Centipede,English,true
123670403,Psylliodes luridipennis,Bronze Lundy Cabbage Flea Beetle,English,false
123670403,Psylliodes luridipennis,Lundy Cabbage Flea Beetle,English,true
123671000,Thinobius newberyi,Newbery's Rove Beetle,English,true
123672002,Cixius caledonicus,Caledonian Planthopper,English,true
123672975,Ceratophyllus fionnus,Manx Shearwater Flea,English,true
22935,Vertigo angustior,Narrow Mouthed Whorl Snail,English,false
22935,Vertigo angustior,Narrow-mouthed Whorl Snail,English,true
22939,Vertigo moulinsiana,Desmoulin's Whorl Snail,English,true
11206,Lampetra fluviatilis,Elveniøye,Norwegian,false
11206,Lampetra fluviatilis,Euroopa jõesilm,Estonian,false
11206,Lampetra fluviatilis,Flodnejonöga,Swedish,false
11206,Lampetra fluviatilis,Flussneunauge,German,false
11206,Lampetra fluviatilis,Lampreia-do-rio,Portuguese,false
11206,Lampetra fluviatilis,Lamproie de rivière,French,false
11206,Lampetra fluviatilis,Llysywen Bendoll yr Afon,Welsh,false
11206,Lampetra fluviatilis,Mihule říční,Czech,false
11206,Lampetra fluviatilis,Minóg rzeczny,Polish,false
11206,Lampetra fluviatilis,Nahkiainen,Finnish,false
11206,Lampetra fluviatilis,Rivierprik,Dutch; Flemish,false
11206,Lampetra fluviatilis,Upes nēģis,Latvian,false
11206,Lampetra fluviatilis,Upinė nėgė,Lithuanian,false
11206,Lampetra fluviatilis,Мінога рачная,Belarusian,false
11206,Lampetra fluviatilis,Речная минога,Russian,false
11206,Lampetra fluviatilis,European River Lamprey,English,true
11213,Lampetra planeri,Bachneunauge,German,false
11213,Lampetra planeri,Bäcknejonöga,Swedish,false
11213,Lampetra planeri,Bæklampret,Danish,false
11213,Lampetra planeri,Beekprik,Dutch; Flemish,false
11213,Lampetra planeri,Bekkeniøye,Norwegian,false
11213,Lampetra planeri,Lampreda di Ruscello,Italian,false
11213,Lampetra planeri,Lampreia-de-riacho,Portuguese,false
11213,Lampetra planeri,Lamproie de Planer,French,false
11213,Lampetra planeri,Mažoji nėgė,Lithuanian,false
11213,Lampetra planeri,Mihuľa potočná,Slovak,false
11213,Lampetra planeri,Mihule potoční,Czech,false
11213,Lampetra planeri,Minóg strumieniowy,Polish,false
11213,Lampetra planeri,Ojasilm,Estonian,false
11213,Lampetra planeri,Pikkunahkiainen,Finnish,false
11213,Lampetra planeri,Strauta nēģis,Latvian,false
11213,Lampetra planeri,Европейская ручьевая минога,Russian,false
11213,Lampetra planeri,Мінога ручаёвая еўрапейская,Belarusian,false
11213,Lampetra planeri,Мінога струмкова,Ukrainian,false
11213,Lampetra planeri,European Brook Lamprey,English,true
135518,Coregonus pennantii,Gwyniad,Welsh,false
135518,Coregonus pennantii,Welsh Whitefish,English,true
135566,Coregonus clupeoides,Scottish Whitefish,English,false
135566,Coregonus clupeoides,Powan,Scots,true
135640,Coregonus vandesius,Vendace,English,true
135701,Coregonus stigmaticus,Schelly,English,true
135412,Salvelinus gracillimus,Shetland Charr,English,true
135415,Salvelinus killinensis,Haddy,Gaelic; Scottish Gaelic,false
135415,Salvelinus killinensis,Killin Charr,English,true
135417,Salvelinus lonsdalii,Lonsdale’s Charr,English,true
135418,Salvelinus mallochi,Malloch’s Charr,English,true
135419,Salvelinus maxillaris,Large-Mouthed Charr,English,true
135423,Salvelinus perisii,Torgoch,Welsh,false
135423,Salvelinus perisii,Welsh Charr,English,true
135424,Salvelinus struanensis,Struan Charr,English,true
135427,Salvelinus willoughbii,Willoughby’s Charr,English,true
135428,Salvelinus youngeri,Younger's Charr,English,true
149165786,Sphaerophoria virgata,Lovihoikkakirvari,Finnish,false
149165786,Sphaerophoria virgata,Mörk sländfluga,Swedish,false
149165786,Sphaerophoria virgata,Dunkle Stiftschwebfliege,German,true
149165881,Sphaerophoria potentillae,Blodrotsländfluga,Swedish,false
149165881,Sphaerophoria potentillae,Fingerkraut-Stiftschwebfliege,German,true
149165964,Sphaerophoria loewi,Ruokohoikkakirvari,Finnish,false
149165964,Sphaerophoria loewi,Sävsländfluga,Swedish,false
149165964,Sphaerophoria loewi,Sumpf-Stiftschwebfliege,German,true
149166018,Sphaerophoria fatarum,Myrsländfluga,Swedish,false
149166018,Sphaerophoria fatarum,Rahkahoikkakirvari,Finnish,true
149166160,Pyrophaena granditarsa,Nilkkakarttukirvari,Finnish,false
149166160,Pyrophaena granditarsa,Röd Forblomfluga,Swedish,false
149166160,Pyrophaena granditarsa,Breitfuß-Feuerschwebfliege,German,true
149166952,Microdon mutabilis,Rostbraune Ameisenschwebfliege,German,false
149166952,Microdon mutabilis,Limestone Ant Fly,English,true
149167336,Melangyna ericarum,Lyngkrattblomsterflue,Norwegian,false
149167336,Melangyna ericarum,Lyng-Svirreflue,Danish,false
149167336,Melangyna ericarum,Ljungflickblomfluga,Swedish,true
149168135,Chrysotoxum octomaculatum,Heidefopwesp,Dutch; Flemish,false
149168135,Chrysotoxum octomaculatum,Sørlig Vepseblomsterflue,Norwegian,false
149168135,Chrysotoxum octomaculatum,Viirusarvikirvari,Finnish,false
149168135,Chrysotoxum octomaculatum,Åttafläckig Getingfluga,Swedish,true
149168221,Chrysotoxum elegans,Variabele fopwesp,Dutch; Flemish,false
149168221,Chrysotoxum elegans,Praktgetingfluga,Swedish,true
149168870,Trichopsomyia lucida,Gelbe Zwergmondschwebfliege,German,false
149168870,Trichopsomyia lucida,Grootvlekplatbek,Dutch; Flemish,true
149169246,Paragus albifrons,Pirosfoltos fenyérzengőlégy,Hungarian,false
149169246,Paragus albifrons,Stripe-eyed Paragus,English,true
149169825,Lejops vittatus,Gestreifte Schilfschwebfliege,German,false
149169825,Lejops vittatus,Kogleaks-damsvirreflue,Danish,false
149169825,Lejops vittatus,Sävblomfluga,Swedish,false
149169825,Lejops vittatus,Heenzweefvlieg,Dutch; Flemish,true
149170927,Callicera aurata,Mörk Bronsblomfluga,Swedish,false
149170927,Callicera aurata,Mørk Bronzesvirreflue,Danish,false
149170927,Callicera aurata,Mørk Massingblomsterfluge,"Norwegian Nynorsk; Nynorsk, Norwegian",false
149170927,Callicera aurata,Mørk Messingblomsterflue,"Bokmål, Norwegian; Norwegian Bokmål",false
149170927,Callicera aurata,Gouden Glanszweefvlieg,Dutch; Flemish,true
149170970,Callicera rufa,Dennenglanszweefvlieg,Dutch; Flemish,false
149170970,Callicera rufa,Fuchsrote Bronzeschwebfliege,German,false
149170970,Callicera rufa,Pine Hoverfly,English,true
149170980,Callicera spinolae,Golden Hoverfly,English,false
149170980,Callicera spinolae,Goldhaar-Bronzeschwebfliege,German,false
149170980,Callicera spinolae,Ivy Hoverfly,English,true
149170990,Chalcosyrphus eunotus,Gestreepte Molmzweefvlieg,Dutch; Flemish,false
149170990,Chalcosyrphus eunotus,Gestreifte Faulholzschwebfliege,German,false
149170990,Chalcosyrphus eunotus,Logjammer Hoverfly,English,true
149172440,Microdon analis,Eggers Ameisenschwebfliege,German,false
149172440,Microdon analis,Heath Ant Fly,English,true
149172451,Microdon devius,Braune Ameisenschwebfliege,German,false
149172451,Microdon devius,Downland Ant Fly,English,true
149172462,Microdon myrmicae,Bog Ant Fly,English,true
149172576,Platycheirus immarginatus,Kustplatvoetje,Dutch; Flemish,false
149172576,Platycheirus immarginatus,Parti Széleslábúlégy,Hungarian,false
149172576,Platycheirus immarginatus,Strandfotblomfluga,Swedish,false
149172576,Platycheirus immarginatus,Ufer-Breitfußschwebflliege,German,false
149172576,Platycheirus immarginatus,Comb-legged Sedgesitter,English,true
149172700,Chrysogaster virescens,Grüne Goldbauchschwebfliege,German,false
149172700,Chrysogaster virescens,Kiiltokylkivaskinen,Finnish,false
149172700,Chrysogaster virescens,Skimmerblomfluga,Swedish,false
149172700,Chrysogaster virescens,Sortvinget Engsvirreflue,Danish,false
149172700,Chrysogaster virescens,Zöld Smaragdlégy,Hungarian,false
149172700,Chrysogaster virescens,Groen Doflijfje,Dutch; Flemish,true
84765670,Ditrichum pallidum,Blasses Doppelhaarmoos,German,false
84765670,Ditrichum pallidum,Pale Cow-hair Moss,English,true
87532557,Dumortiera hirsuta,Dumortier's Liverwort,English,true
162293947,Centrophorus granulosus,Hiu Botol,Indonesian,false
162293947,Centrophorus granulosus,Quelvacho,Spanish; Castilian,false
162293947,Centrophorus granulosus,Squale-chagrin aiguille,French,false
162293947,Centrophorus granulosus,Gulper Shark,English,true
7035,Edwardsia ivelli,Ivell's Sea Anemone,English,true
203582437,Coenagrion mercuriale,Southern Damselfly,English,false
203582437,Coenagrion mercuriale,Agrion de Mercure,French,false
203582437,Coenagrion mercuriale,Agrion de Mercurio,Spanish; Castilian,false
203582437,Coenagrion mercuriale,Azzurrina di Mercurio,Italian,false
203582437,Coenagrion mercuriale,Brzični škratec,Slovenian,false
203582437,Coenagrion mercuriale,Donceliña de Mercurio,Galician,false
203582437,Coenagrion mercuriale,Donzell mercurial,Catalan; Valencian,false
203582437,Coenagrion mercuriale,Helm-Azurjungfer,German,false
203582437,Coenagrion mercuriale,Libelinha de Mercúrio,Portuguese,false
203582437,Coenagrion mercuriale,Mercuurwaterjuffer,Dutch; Flemish,false
203582437,Coenagrion mercuriale,Pilivesa jugore,Albanian,false
203582437,Coenagrion mercuriale,Zapadna vodendjevojčica,Croatian,false
203582437,Coenagrion mercuriale,Mercury Bluet,English,true
7717,Emys orbicularis,Cágado de Carapaça Estriada,Portuguese,false
7717,Emys orbicularis,Cistude d'Europe,French,false
7717,Emys orbicularis,Europaeische Sumpfschildkroete,German,false
7717,Emys orbicularis,Galápago Europeo,Spanish; Castilian,false
7717,Emys orbicularis,ţestoasă de apă,Romanian,false
7717,Emys orbicularis,Testuggine Palustre Europea,Italian,false
7717,Emys orbicularis,Testuggine Palustre Europea,Italian,false
7717,Emys orbicularis,Блатна желка,Macedonian,false
7717,Emys orbicularis,Болотная черепаха,Russian,false
7717,Emys orbicularis,European Pond Turtle,English,true
157572,Gambrinus violaceus,Violet Click Beetle,English,true
15777,Oxygastra curtisii,Bronslibel,Dutch; Flemish,false
15777,Oxygastra curtisii,Cordulie à Corps Fin,French,false
15777,Oxygastra curtisii,Esmeralda de Curtis,Galician,false
15777,Oxygastra curtisii,Esmeralda Oxígastra,Spanish; Castilian,false
15777,Oxygastra curtisii,Esparver d'aigua,Catalan; Valencian,false
15777,Oxygastra curtisii,Gekielte Smaragdlibelle,German,false
15777,Oxygastra curtisii,Libélula esmeralda,Portuguese,false
15777,Oxygastra curtisii,Smeralda di fiume,Italian,false
15777,Oxygastra curtisii,Orange-spotted Emerald,English,true
158683,Leucorrhinia dubia,barjanski spreletavec,Slovenian,false
158683,Leucorrhinia dubia,Carablanc petit,Catalan; Valencian,false
158683,Leucorrhinia dubia,Frontebianca comune,Italian,false
158683,Leucorrhinia dubia,Kleine Moosjungfer,German,false
158683,Leucorrhinia dubia,Leucorrhine Douteuse,French,false
158683,Leucorrhinia dubia,Libélula Cariblanca menor,Spanish; Castilian,false
158683,Leucorrhinia dubia,Libélula de fronte branca,Galician,false
158683,Leucorrhinia dubia,Lille Kærguldsmed,Danish,false
158683,Leucorrhinia dubia,mali barski vranac,Serbian,false
158683,Leucorrhinia dubia,Myrtrollslända,Swedish,false
158683,Leucorrhinia dubia,Pikkulampikorento,Finnish,false
158683,Leucorrhinia dubia,Småtorvlibelle,Norwegian,false
158683,Leucorrhinia dubia,Venwitsnuitlibel,Dutch; Flemish,false
158683,Leucorrhinia dubia,Small Whiteface,English,true
158686,Aeshna grandis,Braune Mosaikjungfer,German,false
158686,Aeshna grandis,Bruine glazenmaker,Dutch; Flemish,false
158686,Aeshna grandis,Brunlibelle,Norwegian,false
158686,Aeshna grandis,Brun Mosaikguldsmed,Danish,false
158686,Aeshna grandis,Brun mosaikslända,Swedish,false
158686,Aeshna grandis,Dragone bruno,Italian,false
158686,Aeshna grandis,Grande Aeschne,French,false
158686,Aeshna grandis,Jantarni kralj,Bosnian,false
158686,Aeshna grandis,Rjava deva,Slovenian,false
158686,Aeshna grandis,Ruskoukonkorento,Finnish,false
158686,Aeshna grandis,Veliki kralj,Croatian,false
158686,Aeshna grandis,Veliki kraljević,Serbian,false
158686,Aeshna grandis,Brown Hawker,English,true
158688,Aeshna caerulea,Aeschne Azurée,French,false
158688,Aeshna caerulea,Azurblå Mosaikguldsmed,Danish,false
158688,Aeshna caerulea,Azuurglazenmaker,Dutch; Flemish,false
158688,Aeshna caerulea,Dragone azzurro,Italian,false
158688,Aeshna caerulea,fjällmosaikslända,Swedish,false
158688,Aeshna caerulea,Fjellibelle,Norwegian,false
158688,Aeshna caerulea,ledeni kraljević,Serbian,false
158688,Aeshna caerulea,Pohjanukonkorento,Finnish,false
158688,Aeshna caerulea,šotna deva,Slovenian,false
158688,Aeshna caerulea,Südliche Mosaikjungfer,German,false
158688,Aeshna caerulea,Azure Hawker,English,true
158705,Somatochlora metallica,Cordulie metallique,French,false
158705,Somatochlora metallica,Esmeralda brillante,Spanish; Castilian,false
158705,Somatochlora metallica,Esmeralda metálica,Galician,false
158705,Somatochlora metallica,Glansmetallibelle,Norwegian,false
158705,Somatochlora metallica,Glänzende Smaragdlibelle,German,false
158705,Somatochlora metallica,Glinsede Smaragdlibel,Danish,false
158705,Somatochlora metallica,Gorski zeleni konjic,Serbian,false
158705,Somatochlora metallica,Kovinski lesketnik,Slovenian,false
158705,Somatochlora metallica,Maragda lluent,Catalan; Valencian,false
158705,Somatochlora metallica,Metaalglanslibel,Dutch; Flemish,false
158705,Somatochlora metallica,Metalltrollslända,Swedish,false
158705,Somatochlora metallica,Sjeverna zelenka,Croatian,false
158705,Somatochlora metallica,Smeralda metallica,Italian,false
158705,Somatochlora metallica,Smeraldi i shndritshëm,Albanian,false
158705,Somatochlora metallica,Välkekorento,Finnish,false
158705,Somatochlora metallica,Brilliant Emerald,English,true
158706,Coenagrion hastulatum,Agrion à Fer de Lance,French,false
158706,Coenagrion hastulatum,Agrion boreoalpino,Spanish; Castilian,false
158706,Coenagrion hastulatum,Azzurrina alpina,Italian,false
158706,Coenagrion hastulatum,Barjanski škratec,Slovenian,false
158706,Coenagrion hastulatum,Bluja kokështizë,Albanian,false
158706,Coenagrion hastulatum,Donceliña lanceolada,Galician,false
158706,Coenagrion hastulatum,Donzell llancer,Catalan; Valencian,false
158706,Coenagrion hastulatum,Gorska plava devica,Serbian,false
158706,Coenagrion hastulatum,Keihästytönkorento,Finnish,false
158706,Coenagrion hastulatum,Planinski plavac,Bosnian,false
158706,Coenagrion hastulatum,Sjeverna vodendjevojčica,Croatian,false
158706,Coenagrion hastulatum,Speer-Azurjungfer,German,false
158706,Coenagrion hastulatum,Speerwaterjuffer,Dutch; Flemish,false
158706,Coenagrion hastulatum,Spjutflickslända,Swedish,false
158706,Coenagrion hastulatum,Spydblåvannymfe,Norwegian,false
158706,Coenagrion hastulatum,Spyd-Vandnymfe,Danish,false
158706,Coenagrion hastulatum,Spearhead Bluet,English,true
165464,Sympetrum pedemontanum,Bandad ängstrollslända,Swedish,false
165464,Sympetrum pedemontanum,Båndet Hedelibel,Danish,false
165464,Sympetrum pedemontanum,Bandheidelibel,Dutch; Flemish,false
165464,Sympetrum pedemontanum,Cardinale alifasciate,Italian,false
165464,Sympetrum pedemontanum,Četveropegi poljski konjic,Serbian,false
165464,Sympetrum pedemontanum,Crnkasti strijelac,Croatian,false
165464,Sympetrum pedemontanum,Gebänderte Heidelibelle,German,false
165464,Sympetrum pedemontanum,Joslu klajumspāre,Latvian,false
165464,Sympetrum pedemontanum,Lavacú de franxas,Galician,false
165464,Sympetrum pedemontanum,Libélula piedemontesa,Spanish; Castilian,false
165464,Sympetrum pedemontanum,Pasasti kamenjak,Slovenian,false
165464,Sympetrum pedemontanum,Pixaví alabarrat,Catalan; Valencian,false
165464,Sympetrum pedemontanum,Sympétrum du Piémont,French,false
165464,Sympetrum pedemontanum,Vyösyyskorento,Finnish,false
165464,Sympetrum pedemontanum,Бабка перев’язана,Ukrainian,false
165464,Sympetrum pedemontanum,Banded Darter,English,true
165468,Leucorrhinia rubicunda,Isolampikorento,Finnish,false
165468,Leucorrhinia rubicunda,Leucorrhine Rubiconde,French,false
165468,Leucorrhinia rubicunda,Noordse witsnuitlibel,Dutch; Flemish,false
165468,Leucorrhinia rubicunda,Nordische Moosjungfer,German,false
165468,Leucorrhinia rubicunda,Nordisk kærguldsmed,Danish,false
165468,Leucorrhinia rubicunda,Nordisk kärrtrollslända,Swedish,false
165468,Leucorrhinia rubicunda,Østtorvlibelle,Norwegian,false
165468,Leucorrhinia rubicunda,vresni spreletavec,Slovenian,false
165468,Leucorrhinia rubicunda,Ruby Whiteface,English,true
165473,Sympetrum danae,Black Meadowhawk,English,false
165473,Sympetrum danae,Cardinale nero,Italian,false
165473,Sympetrum danae,Črni kamenjak,Slovenian,false
165473,Sympetrum danae,Crni poljski konjic,Serbian,false
165473,Sympetrum danae,Crni strijelac,Croatian,false
165473,Sympetrum danae,Hedhësi ziosh,Albanian,false
165473,Sympetrum danae,Schwarze Heidelibelle,German,false
165473,Sympetrum danae,Sort Hedelibel,Danish,false
165473,Sympetrum danae,Svart ängstrollslända,Swedish,false
165473,Sympetrum danae,Svarthøstlibelle,Norwegian,false
165473,Sympetrum danae,Sympétrum Noir,French,false
165473,Sympetrum danae,Tummasyyskorento,Finnish,false
165473,Sympetrum danae,Zwarte heidelibel,Dutch; Flemish,false
165473,Sympetrum danae,Black Darter,English,true
165475,Lestes sponsa,Alaestès fi,Catalan; Valencian,false
165475,Lestes sponsa,Almindelig Kobbervandnymfe,Danish,false
165475,Lestes sponsa,Barska zelendjevica,Bosnian,false
165475,Lestes sponsa,Gaiteiriño noivo,Galician,false
165475,Lestes sponsa,Gemeine Binsenjungfer,German,false
165475,Lestes sponsa,Gewone pantserjuffer,Dutch; Flemish,false
165475,Lestes sponsa,Gewone pantserjuffer,Dutch; Flemish,false
165475,Lestes sponsa,Krahëhapura e zakonshme,Albanian,false
165475,Lestes sponsa,Leste Fiancé,French,false
165475,Lestes sponsa,Lestes do Montesinho,Portuguese,false
165475,Lestes sponsa,Lestes norteño,Spanish; Castilian,false
165475,Lestes sponsa,Mala dugorepa zelena devica,Serbian,false
165475,Lestes sponsa,Nordmetallvannymfe,Norwegian,false
165475,Lestes sponsa,Obvodna zverca,Slovenian,false
165475,Lestes sponsa,Pudrad smaragdflickslända,Swedish,false
165475,Lestes sponsa,Sirokeijukorento,Finnish,false
165475,Lestes sponsa,Sjeverna zelendjevica,Croatian,false
165475,Lestes sponsa,Verdina boreale,Italian,false
165475,Lestes sponsa,Common Spreadwing,English,true
165483,Sympetrum vulgatum,Moustached darter,English,false
165483,Sympetrum vulgatum,Vagrant Darter,English,false
165483,Sympetrum vulgatum,Almindelig hedelibel,Danish,false
165483,Sympetrum vulgatum,Brkati livadar,Bosnian,false
165483,Sympetrum vulgatum,Brkati poljski konjic,Serbian,false
165483,Sympetrum vulgatum,Cardinale boreale,Italian,false
165483,Sympetrum vulgatum,Gemeine heidelibelle,German,false
165483,Sympetrum vulgatum,Hedhësi endacak,Albanian,false
165483,Sympetrum vulgatum,Lavacú vadío,Galician,false
165483,Sympetrum vulgatum,Mali strijelac,Croatian,false
165483,Sympetrum vulgatum,Navadni kamenjak,Slovenian,false
165483,Sympetrum vulgatum,Pixaví muntanyenc,Catalan; Valencian,false
165483,Sympetrum vulgatum,Punasyyskorento,Finnish,false
165483,Sympetrum vulgatum,Sørhøstlibelle,Norwegian,false
165483,Sympetrum vulgatum,Steenrode heidelibel,Dutch; Flemish,false
165483,Sympetrum vulgatum,Sympétrum vulgaire,French,false
165483,Sympetrum vulgatum,Tegelröd ängstrollslända,Swedish,false
165483,Sympetrum vulgatum,Moustached Darter,English,true
165501,Sympetrum flaveolum,Cardinale dorato,Italian,false
165501,Sympetrum flaveolum,Elokorento,Finnish,false
165501,Sympetrum flaveolum,Geelvlekheidelibel,Dutch; Flemish,false
165501,Sympetrum flaveolum,Geelvlekheidelibel,Dutch; Flemish,false
165501,Sympetrum flaveolum,Gefleckte Heidelibelle,German,false
165501,Sympetrum flaveolum,Gulfläckad ängstrollslända,Swedish,false
165501,Sympetrum flaveolum,Gulvingehøstlibelle,Norwegian,false
165501,Sympetrum flaveolum,Gulvinget Hedelibel,Danish,false
165501,Sympetrum flaveolum,Hedhësi krahëverdhë,Albanian,false
165501,Sympetrum flaveolum,Jantarni strijelac,Croatian,false
165501,Sympetrum flaveolum,Lavacú azafrán,Galician,false
165501,Sympetrum flaveolum,Libélula de asas amarelas,Portuguese,false
165501,Sympetrum flaveolum,Libélula montesana,Spanish; Castilian,false
165501,Sympetrum flaveolum,Pixaví safranat,Catalan; Valencian,false
165501,Sympetrum flaveolum,Rumeni kamenjak,Slovenian,false
165501,Sympetrum flaveolum,Sympétrum Jaune d’Or,French,false
165501,Sympetrum flaveolum,Žutokrili livadar,Bosnian,false
165501,Sympetrum flaveolum,Žutokrili poljski konjic,Serbian,false
165501,Sympetrum flaveolum,Yellow-winged Darter,English,true
165518,Aeshna juncea,Sedge Darner,English,false
165518,Aeshna juncea,Aeschne des Joncs,French,false
165518,Aeshna juncea,Barjanska deva,Slovenian,false
165518,Aeshna juncea,Barski kraljević,Serbian,false
165518,Aeshna juncea,Dragone alpino,Italian,false
165518,Aeshna juncea,Esna de turbera,Spanish; Castilian,false
165518,Aeshna juncea,Espiadimonis de mollera,Catalan; Valencian,false
165518,Aeshna juncea,Libeliña brañega,Galician,false
165518,Aeshna juncea,Planinski kralj,Bosnian,false
165518,Aeshna juncea,Siniukonkorento,Finnish,false
165518,Aeshna juncea,Siv-Mosaikguldsmed,Danish,false
165518,Aeshna juncea,Starrlibelle,Norwegian,false
165518,Aeshna juncea,Starrmosaikslända,Swedish,false
165518,Aeshna juncea,Tira-olhos dos juncos,Portuguese,false
165518,Aeshna juncea,Torf-Mosaikjungfer,German,false
165518,Aeshna juncea,Venglazenmaker,Dutch; Flemish,false
165518,Aeshna juncea,Moorland Hawker,English,true
136680,Myotis alcathoe,Alcathoe Myotis,English,false
136680,Myotis alcathoe,Murciélago Ratonero Bigotudo Pequeño,Spanish; Castilian,false
136680,Myotis alcathoe,Murin d'Alcathoe,French,false
136680,Myotis alcathoe,Vespertilio di Alcatoe,Italian,false
136680,Myotis alcathoe,Alcathoe Whiskered Bat,English,true
85533333,Plecotus austriacus,Gray Big-eared Bat,English,false
85533333,Plecotus austriacus,Orecchione grigio,Italian,false
85533333,Plecotus austriacus,Oreillard gris,French,false
85533333,Plecotus austriacus,Orejudo Gris,Spanish; Castilian,false
85533333,Plecotus austriacus,Σταχτιά ωτονυχτερίδα,"Greek, Modern (1453-)",false
85533333,Plecotus austriacus,Серый ушан,Russian,false
85533333,Plecotus austriacus,Grey Long-eared Bat,English,true
12659,Phengaris arion,Large Blue,English,true
174184,Lysandra bellargus,Adonis Blue,English,false
174188,Cupido minimus,Little Blue,English,false
174188,Cupido minimus,Small Blue,English,true
174300,Pyrgus malvae,Grizzled Skipper,English,true
174341,Thymelicus lineola,Essex Skipper,English,true
174371,Carterocephalus palaemon,Arctic Skipper,English,false
174371,Carterocephalus palaemon,Chequered Skipper,English,true
174388,Thymelicus sylvestris,Small Skipper,English,true
174411,Satyrium pruni,Black Hairstreak,English,true
174453,Coenonympha tullia,Common Ringlet,English,false
174453,Coenonympha tullia,Large Heath,English,true
174463,Aglais urticae,Petite Tortue,French,false
174463,Aglais urticae,Small Tortoiseshell,English,true
157800,Ampedus cardinalis,Cardinal Click Beetle,English,true
211999791,Pseudanodonta complanata,Depressed River Mussel,English,true
155821,Euglesa pseudosphaerium,False-orb Pea Mussel,English,true
15106,Odobenus rosmarus,Aaveq [Greenlandic],Uncoded languages,false
15106,Odobenus rosmarus,Aiviq,Inuktitut,false
15106,Odobenus rosmarus,Hvalross,Norwegian,false
15106,Odobenus rosmarus,Morsa,Spanish; Castilian,false
15106,Odobenus rosmarus,Morse,French,false
15106,Odobenus rosmarus,Rostungur,Icelandic,false
15106,Odobenus rosmarus,Tricheco,Italian,false
15106,Odobenus rosmarus,Valross,Finnish,false
15106,Odobenus rosmarus,Walross,German,false
15106,Odobenus rosmarus,Морж,Russian,false
15106,Odobenus rosmarus,Walrus,English,true
19855,Salmo salar,Black Salmon,English,false
19855,Salmo salar,Atlantic Salmon,English,true
12799,Margaritifera margaritifera,Freshwater Pearl Mussel,English,true
155543,Unio pictorum,Painter's Mussel,English,true
155667,Anodonta anatina,Duck Mussel,English,true
155853,Sphaerium rivicola,Nut Orb Mussel,English,false
155853,Sphaerium rivicola,Rivierhoornschaal,Dutch; Flemish,false
155853,Sphaerium rivicola,River Orb Mussel,English,true
155986,Sphaerium solidum,Witham Orb Mussel,English,true
156066,Anodonta cygnea,Swan Mussel,English,true
156111,Unio tumidus,Swollen River Mussel,English,true
4166,Cerambyx cerdo,Cerambyx Longicorn,English,false
4166,Cerambyx cerdo,Greater Capricorn Beetle,English,true
239951016,Lucanus cervus,Stag Beetle,English,true
157887,Gnorimus variabilis,Variable Chafer,English,true
29650,Erinaceus europaeus,Northern Hedgehog,English,false
29650,Erinaceus europaeus,Western Hedgehog,English,false
29650,Erinaceus europaeus,Erizo Europeo Occidental,Spanish; Castilian,false
29650,Erinaceus europaeus,Hérisson d'Europe,French,false
29650,Erinaceus europaeus,Ouriço-cacheiro,Portuguese,false
29650,Erinaceus europaeus,Riccio europeo,Italian,false
29650,Erinaceus europaeus,Western European Hedgehog,English,true
171587,Leiostyla anglica,Maillot des Anglais,French,false
171587,Leiostyla anglica,English Chrysalis Snail,English,true
60344,Anguilla anguilla,Anguille d'Europe,French,false
60344,Anguilla anguilla,L'Anguille Européenne,French,false
60344,Anguilla anguilla,Ευρωπαϊκό Xέλι,"Greek, Modern (1453-)",false
60344,Anguilla anguilla,European Eel,English,true
230,Acipenser sturio,Atlantic Sturgeon,English,false
230,Acipenser sturio,Baltic Sturgeon,English,false
230,Acipenser sturio,Common Sturgeon,English,false
230,Acipenser sturio,Esturgeon commun,French,false
230,Acipenser sturio,Esturión común,Spanish; Castilian,false
230,Acipenser sturio,Μουρούνα,"Greek, Modern (1453-)",false
230,Acipenser sturio,Στουριόνι,"Greek, Modern (1453-)",false
230,Acipenser sturio,European Sturgeon,English,true
41291,Oryctolagus cuniculus,Coney,English,false
41291,Oryctolagus cuniculus,Coelho,Portuguese,false
41291,Oryctolagus cuniculus,Conejo común,Spanish; Castilian,false
41291,Oryctolagus cuniculus,Conejo de monte,Spanish; Castilian,false
41291,Oryctolagus cuniculus,Conejo europeo,Spanish; Castilian,false
41291,Oryctolagus cuniculus,Coniglio selvatico europeo,Italian,false
41291,Oryctolagus cuniculus,Lapin commun,French,false
41291,Oryctolagus cuniculus,Lapin de garenne,French,false
41291,Oryctolagus cuniculus,Wildkaninchen,German,false
41291,Oryctolagus cuniculus,Αγριοκούνελο,"Greek, Modern (1453-)",false
41291,Oryctolagus cuniculus,European Rabbit,English,true
6204,Cystophora cristata,Blöðruselur,Icelandic,false
6204,Cystophora cristata,Foca de Casco,Spanish; Castilian,false
6204,Cystophora cristata,Klapmyds,Danish,false
6204,Cystophora cristata,Klappmütze,German,false
6204,Cystophora cristata,Phoque à capuchon,French,false
6204,Cystophora cristata,Hooded Seal,English,true
22936,Vertigo genesii,Round-mouthed Whorl Snail,English,true
156704,Spermodea lamellata,Plated Snail,English,false
156704,Spermodea lamellata,Lamellsnäcka,Swedish,false
156704,Spermodea lamellata,Lamellsnegl,Norwegian,false
156704,Spermodea lamellata,Plaited Snail,English,true
2467,Balaena mysticetus,Greenland Right Whale,English,false
2467,Balaena mysticetus,Aġvik,Inupiaq,false
2467,Balaena mysticetus,Arfivik,Kalaallisut; Greenlandic,false
2467,Balaena mysticetus,Arviq,Inuktitut,false
2467,Balaena mysticetus,Baleine du Groenland,French,false
2467,Balaena mysticetus,Ballena de Groenlandia,Spanish; Castilian,false
2467,Balaena mysticetus,Grænland hvalur,Icelandic,false
2467,Balaena mysticetus,Grønlandshval,Danish,false
2467,Balaena mysticetus,Grønlandshval,Norwegian,false
2467,Balaena mysticetus,Grønlandsslættibøka,Faroese,false
2467,Balaena mysticetus,гренландский кит,Russian,false
2467,Balaena mysticetus,Bowhead Whale,English,true
903,Alosa alosa,Alose vraie,French,false
903,Alosa alosa,Groote meifisch,Dutch; Flemish,false
903,Alosa alosa,La grande alose,French,false
903,Alosa alosa,Maifisch,German,false
903,Alosa alosa,Maifisk,Norwegian,false
903,Alosa alosa,Majfisk,Swedish,false
903,Alosa alosa,Majsild,Danish,false
903,Alosa alosa,Sábalo,Spanish; Castilian,false
903,Alosa alosa,Sável,Portuguese,false
903,Alosa alosa,Allis Shad,English,true
904,Alosa fallax,Alose feinte,French,false
904,Alosa fallax,Aloza finta,Polish,false
904,Alosa fallax,Augnasíld,Icelandic,false
904,Alosa fallax,Fint,Dutch; Flemish,false
904,Alosa fallax,Finta,Russian,false
904,Alosa fallax,Finte,German,false
904,Alosa fallax,Perpelė,Lithuanian,false
904,Alosa fallax,Saboga,Spanish; Castilian,false
904,Alosa fallax,Savelha,Portuguese,false
904,Alosa fallax,Staksill,Swedish,false
904,Alosa fallax,Stamsild,Danish,false
904,Alosa fallax,Stamsild,Norwegian,false
904,Alosa fallax,Σαρδελομάνα,"Greek, Modern (1453-)",false
904,Alosa fallax,Twaite Shad,English,true
135606,Dicentrarchus labrax,European Bass,English,false
135606,Dicentrarchus labrax,Almindelig bars,Danish,false
135606,Dicentrarchus labrax,Baicolo,Italian,false
135606,Dicentrarchus labrax,Bar européen,French,false
135606,Dicentrarchus labrax,Bayağı levrek,Turkish,false
135606,Dicentrarchus labrax,Biban de mare,Romanian,false
135606,Dicentrarchus labrax,Birrâq,Arabic,false
135606,Dicentrarchus labrax,Brancin,Serbian,false
135606,Dicentrarchus labrax,Brancin,Croatian,false
135606,Dicentrarchus labrax,Branzino,Italian,false
135606,Dicentrarchus labrax,Deniz Levreği,Turkish,false
135606,Dicentrarchus labrax,Europese zeebaars,Dutch; Flemish,false
135606,Dicentrarchus labrax,Gemeiner seebarsch,German,false
135606,Dicentrarchus labrax,Gemeiner wolfsbarsch,German,false
135606,Dicentrarchus labrax,Labraks europejski,Polish,false
135606,Dicentrarchus labrax,Levreku,Albanian,false
135606,Dicentrarchus labrax,Llobarro,Catalan; Valencian,false
135606,Dicentrarchus labrax,Loup,French,false
135606,Dicentrarchus labrax,Lubin,Croatian,false
135606,Dicentrarchus labrax,Lubina,Spanish; Castilian,false
135606,Dicentrarchus labrax,Robaliza,Galician,false
135606,Dicentrarchus labrax,Robalo,Portuguese,false
135606,Dicentrarchus labrax,Spigola Europea,Italian,false
135606,Dicentrarchus labrax,سمك باس البحر,Arabic,false
135606,Dicentrarchus labrax,Λαβράκι,"Greek, Modern (1453-)",false
135606,Dicentrarchus labrax,европейский морской окунь,Russian,false
135606,Dicentrarchus labrax,European Sea Bass,English,true
135579,Chelon auratus,Cefalo dorato,Italian,false
135579,Chelon auratus,Cefal złocisty,Polish,false
135579,Chelon auratus,Chefal,Romanian,false
135579,Chelon auratus,Cipal zlatac,Croatian,false
135579,Chelon auratus,Cipol zlatac,Serbian,false
135579,Chelon auratus,Gold-Meeräsche,German,false
135579,Chelon auratus,Goudharder,Dutch; Flemish,false
135579,Chelon auratus,Guldmulte,Danish,false
135579,Chelon auratus,Guldmulte,Swedish,false
135579,Chelon auratus,Gullmulte,Norwegian,false
135579,Chelon auratus,Kultakeltti,Finnish,false
135579,Chelon auratus,Lisa dorada,Spanish; Castilian,false
135579,Chelon auratus,Lotregano,Italian,false
135579,Chelon auratus,Mulet doré,French,false
135579,Chelon auratus,Mulett Taċ-Ċarruta Safra,Maltese,false
135579,Chelon auratus,Tainha,Portuguese,false
135579,Chelon auratus,Veshflorini,Albanian,false
135579,Chelon auratus,البوري الذهبي,Arabic,false
135579,Chelon auratus,Μυξινάρι,"Greek, Modern (1453-)",false
135579,Chelon auratus,Платерина,Bulgarian,false
135579,Chelon auratus,Сингиль,Russian,false
135579,Chelon auratus,Сингіль,Ukrainian,false
135579,Chelon auratus,ოქროსფერი კეფალი,Georgian,false
135579,Chelon auratus,Golden Grey Mullet,English,true
135689,Chelon labrosus,Bosega,Italian,false
135689,Chelon labrosus,Cefalo,Italian,false
135689,Chelon labrosus,Cipal putnik,Croatian,false
135689,Chelon labrosus,Cipol putnik,Serbian,false
135689,Chelon labrosus,Corcón,Spanish; Castilian,false
135689,Chelon labrosus,Dicklippige Meeräsche,German,false
135689,Chelon labrosus,Diklipharder,Dutch; Flemish,false
135689,Chelon labrosus,Gráröndungur,Icelandic,false
135689,Chelon labrosus,Mavri Balığı,Turkish,false
135689,Chelon labrosus,Muble,Spanish; Castilian,false
135689,Chelon labrosus,Mulet lippu,French,false
135689,Chelon labrosus,Paksuhuulikeltti,Finnish,false
135689,Chelon labrosus,Qefulli i dimrit,Albanian,false
135689,Chelon labrosus,Tainha,Portuguese,false
135689,Chelon labrosus,Tępogłów grubowargi,Polish,false
135689,Chelon labrosus,Tjockläppad multe,Swedish,false
135689,Chelon labrosus,Tykkleppet multe,Norwegian,false
135689,Chelon labrosus,بوري الشفة الغليظة الرمادي,Arabic,false
135689,Chelon labrosus,כיפון בטוחה,Hebrew,false
135689,Chelon labrosus,Χειλονάρι,"Greek, Modern (1453-)",false
135689,Chelon labrosus,Губач,Russian,false
135689,Chelon labrosus,Стрибка,Ukrainian,false
135689,Chelon labrosus,Thicklip Grey Mullet,English,true
135714,Chelon ramada,Botolo,Italian,false
135714,Chelon ramada,Cefal cienkowargi,Polish,false
135714,Chelon ramada,Cefalo calamita,Italian,false
135714,Chelon ramada,Cipal balavac,Croatian,false
135714,Chelon ramada,Cipol balavac,Serbian,false
135714,Chelon ramada,Dunlipharder,Dutch; Flemish,false
135714,Chelon ramada,Dünnlippige Meeräsche,German,false
135714,Chelon ramada,Kitsashuul-tintkefaal,Estonian,false
135714,Chelon ramada,Mújol,Spanish; Castilian,false
135714,Chelon ramada,Mulet porc,French,false
135714,Chelon ramada,Mulett Ta' L-Imċarrat,Maltese,false
135714,Chelon ramada,Ohuthuulikeltti,Finnish,false
135714,Chelon ramada,Qefulli i vjeshtës,Albanian,false
135714,Chelon ramada,Tainha,Portuguese,false
135714,Chelon ramada,Tenkousti cipelj,Slovenian,false
135714,Chelon ramada,Tunnläppad multe,Swedish,false
135714,Chelon ramada,Tyndlæbet multe,Danish,false
135714,Chelon ramada,Tynnleppet multe,Norwegian,false
135714,Chelon ramada,بوري الشفة النحيلة,Arabic,false
135714,Chelon ramada,کفال لب‌نازک,Persian,false
135714,Chelon ramada,Μαυράκι,"Greek, Modern (1453-)",false
135714,Chelon ramada,Кефаль-рамада,Russian,false
135714,Chelon ramada,Тънкоуст кефал,Bulgarian,false
135714,Chelon ramada,Thinlip Grey Mullet,English,true
221373530,Bombus muscorum,Bourdon des mousses,French,false
221373530,Bombus muscorum,Moss Carder Bee,English,true
19199762,Andrena nanula,pukinjuurimaamehiläinen,Finnish,false
19199762,Andrena nanula,Micrandrène antennes-rouges,French,true
19198777,Andrena tridentata,Pale-tailed Mining Bee,English,true
18528970,Bombus cullumanus,Cullum's Humble-bee,English,false
18528970,Bombus cullumanus,Bourdon des causes,French,false
18528970,Bombus cullumanus,Cullum's Bumblebee,English,true
13340348,Bombus distinguendus,Bourdon distingué,French,false
13340348,Bombus distinguendus,Northern Yellow Bumblebee,English,true
13356500,Bombus pomorum,Bourdon fruitier,French,false
13356500,Bombus pomorum,Orchard Bumblebee,English,true
13356677,Bombus subterraneus,Bourdon souterrain,French,false
13356677,Bombus subterraneus,Short-haired Bumblebee,English,true
13305504,Colletes floralis,Collète des ombellifères,French,false
13305504,Colletes floralis,Dolden-Seidenbiene,German,false
13305504,Colletes floralis,Northern Colletes,English,true
13305635,Colletes fodiens,Collète fouisseur,French,false
13305635,Colletes fodiens,Filzbindige Seidenbiene,German,false
13305635,Colletes fodiens,Hairy-saddled Colletes,English,true
19199726,Nomada obtusifrons,Platkielwespbij,Dutch; Flemish,true
19199440,Nomada baccata,Kleine bleekvlekwespbij,Dutch; Flemish,false
19199440,Nomada baccata,Nomade des baies,French,false
19199440,Nomada baccata,Perlen-Wespenbiene,German,false
19199440,Nomada baccata,Bear-clawed Nomad Bee,English,true
19198963,Nomada errans,Zwartbuikwespbij,Dutch; Flemish,true
19199076,Nomada argentata,Zwarte wespbij,Dutch; Flemish,false
19199076,Nomada argentata,Silver-sided Nomad Bee,English,true
13306686,Colletes halophilus,Collète des prés salés,French,false
13306686,Colletes halophilus,Strandaster-Seidenbiene,German,false
13306686,Colletes halophilus,Sea Aster Bee,English,true
12419,Lutra lutra,Common Otter,English,false
12419,Lutra lutra,European Otter,English,false
12419,Lutra lutra,European River Otter,English,false
12419,Lutra lutra,Old World Otter,English,false
12419,Lutra lutra,Loutre commune,French,false
12419,Lutra lutra,Loutre de rivière,French,false
12419,Lutra lutra,Loutre d'Europe,French,false
12419,Lutra lutra,Nutria,Spanish; Castilian,false
12419,Lutra lutra,Nutria Común,Spanish; Castilian,false
12419,Lutra lutra,видра,Macedonian,false
12419,Lutra lutra,Eurasian Otter,English,true
2553,Barbastella barbastellus,Barbastelle,English,false
2553,Barbastella barbastellus,Western Barbastelle,English,false
2553,Barbastella barbastellus,Barbastela,Spanish; Castilian,false
2553,Barbastella barbastellus,Barbastelle Commune,French,false
2553,Barbastella barbastellus,Barbastelle d'Europe,French,false
2553,Barbastella barbastellus,Barbastello comune,Italian,false
2553,Barbastella barbastellus,Westliche Mopsfledermaus,German,false
2553,Barbastella barbastellus,Barbastelle Bat,English,true
14123,Myotis bechsteinii,Bechstein's Myotis,English,false
14123,Myotis bechsteinii,Murciélago Ratonero Forestal,Spanish; Castilian,false
14123,Myotis bechsteinii,Murin de Bechstein,French,false
14123,Myotis bechsteinii,Vespertilio di Bechstein,Italian,false
14123,Myotis bechsteinii,Bechstein's Bat,English,true
34731,Sorbus anglica,English Whitebeam,English,true
8010,Erignathus barbatus,Foca Barbuda,Spanish; Castilian,false
8010,Erignathus barbatus,Phoque barbu,French,false
8010,Erignathus barbatus,Bearded Seal,English,true
161729,Dipturus nidarosiensis,Norwegian Skate,English,true
214696589,Triturus carnifex,Alpine Crested Newt,English,false
214696589,Triturus carnifex,Alpine Warty Newt,English,false
214696589,Triturus carnifex,Vienna Newt,English,false
214696589,Triturus carnifex,Alpesi tarajosgőte,Hungarian,false
214696589,Triturus carnifex,Čolek dravý,Czech,false
214696589,Triturus carnifex,Italienischer Kammolch,German,false
214696589,Triturus carnifex,Tritone Crestato Italiano,Italian,false
214696589,Triturus carnifex,Veliki (italijanski) krestasti vodenjak,Bosnian,false
214696589,Triturus carnifex,Veliki pupek,Slovenian,false
214696589,Triturus carnifex,Veliki vodenjak,Croatian,false
214696589,Triturus carnifex,Italian Crested Newt,English,true
